price,hour
19.29,1
17.89,2
17.82,3
17.8,4
17.88,5
17.99,6
17.97,7
18.88,8
19.41,9
21.13,10
21.03,11
21.0,12
20.59,13
19.79,14
19.39,15
18.94,16
21.15,17
23.76,18
23.49,19
22.2,20
22.16,21
19.96,22
17.86,23
17.07,24
16.99,25
17.01,26
16.61,27
16.09,28
16.33,29
16.65,30
17.14,31
18.65,32
19.69,33
21.27,34
21.8,35
21.28,36
19.62,37
18.97,38
18.42,39
18.73,40
20.87,41
23.99,42
23.7,43
23.04,44
22.39,45
21.51,46
20.01,47
18.59,48
18.74,49
17.5,50
17.07,51
17.09,52
17.13,53
17.02,54
17.35,55
18.52,56
20.46,57
21.02,58
21.88,59
22.29,60
21.81,61
21.54,62
21.24,63
21.42,64
23.38,65
26.16,66
24.5,67
23.76,68
23.22,69
22.48,70
20.74,71
19.81,72
19.07,73
18.56,74
18.51,75
18.57,76
18.97,77
20.38,78
26.09,79
31.47,80
27.0,81
26.83,82
26.78,83
24.91,84
23.25,85
22.61,86
22.5,87
22.61,88
23.32,89
29.71,90
27.29,91
26.52,92
24.72,93
23.2,94
21.7,95
19.74,96
20.6,97
19.82,98
19.7,99
19.5,100
19.76,101
22.25,102
32.31,103
35.33,104
32.51,105
31.59,106
32.57,107
31.72,108
28.17,109
26.77,110
26.0,111
25.89,112
27.51,113
38.98,114
33.25,115
31.13,116
32.01,117
28.16,118
24.48,119
22.56,120
22.89,121
22.4,122
21.8,123
21.89,124
22.75,125
24.29,126
32.67,127
41.94,128
36.2,129
30.16,130
29.21,131
27.63,132
24.58,133
23.93,134
23.86,135
23.79,136
26.59,137
37.67,138
31.9,139
29.46,140
27.66,141
26.21,142
23.72,143
22.84,144
22.36,145
21.33,146
20.72,147
20.81,148
22.19,149
23.08,150
27.59,151
38.72,152
30.67,153
26.55,154
25.97,155
25.23,156
23.37,157
22.84,158
22.67,159
22.7,160
24.61,161
32.37,162
29.29,163
28.76,164
28.71,165
26.82,166
24.24,167
22.15,168
23.05,169
22.25,170
21.8,171
21.79,172
22.44,173
23.64,174
33.05,175
41.12,176
39.05,177
33.04,178
33.0,179
32.19,180
28.36,181
26.58,182
25.85,183
25.57,184
29.39,185
37.64,186
31.64,187
29.69,188
29.41,189
26.53,190
25.11,191
23.62,192
23.25,193
22.53,194
21.67,195
22.14,196
22.47,197
23.1,198
25.1,199
27.1,200
28.44,201
27.06,202
26.28,203
24.31,204
22.55,205
22.01,206
21.32,207
21.32,208
23.01,209
29.65,210
28.63,211
27.2,212
26.76,213
25.29,214
23.63,215
22.93,216
22.25,217
21.62,218
21.33,219
21.51,220
21.29,221
22.74,222
24.29,223
26.87,224
26.17,225
24.27,226
23.19,227
22.3,228
21.9,229
20.86,230
20.35,231
20.63,232
23.07,233
29.34,234
28.59,235
27.37,236
27.46,237
26.12,238
24.17,239
22.71,240
24.64,241
23.81,242
23.0,243
23.33,244
23.66,245
25.73,246
33.22,247
50.6,248
42.39,249
34.03,250
33.68,251
30.43,252
27.25,253
26.08,254
25.04,255
24.81,256
26.49,257
33.33,258
31.58,259
29.67,260
27.25,261
25.96,262
24.57,263
22.17,264
21.47,265
20.88,266
20.63,267
20.73,268
21.13,269
23.48,270
28.26,271
40.88,272
28.99,273
26.51,274
25.22,275
24.58,276
23.01,277
22.07,278
21.63,279
21.65,280
23.22,281
31.09,282
27.76,283
26.46,284
25.91,285
24.4,286
22.65,287
21.37,288
22.43,289
21.87,290
21.89,291
21.87,292
23.04,293
26.38,294
36.1,295
51.96,296
31.17,297
27.96,298
25.94,299
24.76,300
23.08,301
22.79,302
22.23,303
22.08,304
23.19,305
29.59,306
28.39,307
27.32,308
25.46,309
25.03,310
22.82,311
21.87,312
22.84,313
22.22,314
22.3,315
22.4,316
23.06,317
24.71,318
31.93,319
40.81,320
32.64,321
28.8,322
27.32,323
25.33,324
24.1,325
22.84,326
22.36,327
22.15,328
23.77,329
28.75,330
28.24,331
26.99,332
25.66,333
23.99,334
22.92,335
22.34,336
21.33,337
20.66,338
20.33,339
20.51,340
21.29,341
23.22,342
28.31,343
33.64,344
28.56,345
27.3,346
27.1,347
25.56,348
24.81,349
23.91,350
23.57,351
23.58,352
24.71,353
28.78,354
27.66,355
26.2,356
25.32,357
24.31,358
22.31,359
20.94,360
21.1,361
21.15,362
21.04,363
21.01,364
20.9,365
21.31,366
23.64,367
25.33,368
26.32,369
26.31,370
25.7,371
24.07,372
22.51,373
21.32,374
21.11,375
21.25,376
22.93,377
27.34,378
26.58,379
25.77,380
24.95,381
24.17,382
22.52,383
20.91,384
20.8,385
20.83,386
20.56,387
20.22,388
20.53,389
20.68,390
21.54,391
23.36,392
23.94,393
22.93,394
22.18,395
21.9,396
21.0,397
20.44,398
20.45,399
20.41,400
22.57,401
28.34,402
26.53,403
25.54,404
24.74,405
23.35,406
21.97,407
21.15,408
21.0,409
20.56,410
20.35,411
20.65,412
21.05,413
22.22,414
24.41,415
28.74,416
28.84,417
28.76,418
28.4,419
27.58,420
25.16,421
24.66,422
24.09,423
23.97,424
27.1,425
33.01,426
30.92,427
28.77,428
28.51,429
26.74,430
24.39,431
22.7,432
20.75,433
20.55,434
20.47,435
20.52,436
20.71,437
23.23,438
28.24,439
34.89,440
28.48,441
27.31,442
26.77,443
24.75,444
22.94,445
22.12,446
21.86,447
21.68,448
23.06,449
28.61,450
28.41,451
27.26,452
25.67,453
23.99,454
22.02,455
21.02,456
20.36,457
19.76,458
19.54,459
19.65,460
19.98,461
21.27,462
26.17,463
33.07,464
27.92,465
25.23,466
24.68,467
23.12,468
22.52,469
21.15,470
20.94,471
21.13,472
23.59,473
28.82,474
28.29,475
27.3,476
26.63,477
23.9,478
21.94,479
20.82,480
19.28,481
18.94,482
19.03,483
19.0,484
19.28,485
21.95,486
28.01,487
36.07,488
26.86,489
23.49,490
21.91,491
20.93,492
19.46,493
18.98,494
18.74,495
18.56,496
19.3,497
23.44,498
23.35,499
22.41,500
21.59,501
20.24,502
18.9,503
18.39,504
18.21,505
18.07,506
18.01,507
18.07,508
19.15,509
20.76,510
24.68,511
28.09,512
26.27,513
24.81,514
24.64,515
24.1,516
23.07,517
22.71,518
22.27,519
22.04,520
23.69,521
28.29,522
27.58,523
26.75,524
26.57,525
26.42,526
24.45,527
22.48,528
23.46,529
23.33,530
23.68,531
23.61,532
24.22,533
24.47,534
27.26,535
29.17,536
29.01,537
27.09,538
25.65,539
24.67,540
23.45,541
23.21,542
22.71,543
22.31,544
24.2,545
32.88,546
31.19,547
28.84,548
28.21,549
27.11,550
25.2,551
24.53,552
24.3,553
24.16,554
24.09,555
23.86,556
24.21,557
24.36,558
25.88,559
27.73,560
28.04,561
25.5,562
23.88,563
23.6,564
23.31,565
22.75,566
22.62,567
22.56,568
24.46,569
32.52,570
29.47,571
28.44,572
27.91,573
25.59,574
24.29,575
22.49,576
21.12,577
20.7,578
20.7,579
20.75,580
20.84,581
23.23,582
26.47,583
30.22,584
28.72,585
26.66,586
26.92,587
26.13,588
25.76,589
25.45,590
25.26,591
24.89,592
26.2,593
31.14,594
27.18,595
26.39,596
25.35,597
23.33,598
21.13,599
20.03,600
20.0,601
18.95,602
18.54,603
18.63,604
19.75,605
20.99,606
24.0,607
25.06,608
25.73,609
25.14,610
26.06,611
25.51,612
24.23,613
23.53,614
22.9,615
21.62,616
23.09,617
26.88,618
26.17,619
24.73,620
23.76,621
21.3,622
20.57,623
19.18,624
19.53,625
19.03,626
18.52,627
18.59,628
19.29,629
20.38,630
23.84,631
27.01,632
26.68,633
26.19,634
26.7,635
26.4,636
25.27,637
24.3,638
23.52,639
23.38,640
24.9,641
28.29,642
29.09,643
27.53,644
26.33,645
24.93,646
23.28,647
21.62,648
21.78,649
21.53,650
21.04,651
20.63,652
21.55,653
24.8,654
31.99,655
36.15,656
34.56,657
32.33,658
33.86,659
32.96,660
30.72,661
28.89,662
28.48,663
28.74,664
31.16,665
40.95,666
44.53,667
40.16,668
37.09,669
36.52,670
33.06,671
31.01,672
31.81,673
31.35,674
30.25,675
30.5,676
31.07,677
35.45,678
41.94,679
57.19,680
45.28,681
37.55,682
38.5,683
36.79,684
32.47,685
31.32,686
29.9,687
30.91,688
31.97,689
47.82,690
46.03,691
41.2,692
37.32,693
34.76,694
32.79,695
30.71,696
27.63,697
26.88,698
26.2,699
26.38,700
26.73,701
27.84,702
30.75,703
34.12,704
33.64,705
28.36,706
27.13,707
26.27,708
24.03,709
23.7,710
22.74,711
22.45,712
24.21,713
29.89,714
29.45,715
28.02,716
26.73,717
25.68,718
24.21,719
22.95,720
24.22,721
23.6,722
23.14,723
22.34,724
22.45,725
22.66,726
23.66,727
24.97,728
26.65,729
27.08,730
27.17,731
27.01,732
27.22,733
26.56,734
25.7,735
25.27,736
27.19,737
31.98,738
30.56,739
27.68,740
26.36,741
24.61,742
23.52,743
21.31,744
22.33,745
21.66,746
20.98,747
21.65,748
22.85,749
23.86,750
26.83,751
31.14,752
31.46,753
32.85,754
30.09,755
28.51,756
28.09,757
27.15,758
26.35,759
26.26,760
27.28,761
32.8,762
32.87,763
29.76,764
27.95,765
25.8,766
23.94,767
22.37,768
24.48,769
24.04,770
23.27,771
23.41,772
24.15,773
25.36,774
31.08,775
35.41,776
36.94,777
36.29,778
33.38,779
32.7,780
29.97,781
29.06,782
27.39,783
27.35,784
28.54,785
36.04,786
37.46,787
33.77,788
32.97,789
29.16,790
26.36,791
25.82,792
30.79,793
30.26,794
29.83,795
30.3,796
30.34,797
33.59,798
43.24,799
50.59,800
45.46,801
40.39,802
38.22,803
33.52,804
31.49,805
31.06,806
29.22,807
29.25,808
30.58,809
42.09,810
44.5,811
38.01,812
35.36,813
33.03,814
30.1,815
28.83,816
27.29,817
26.12,818
25.69,819
26.17,820
27.52,821
31.66,822
43.81,823
52.94,824
40.67,825
33.7,826
28.41,827
26.05,828
24.55,829
24.6,830
23.36,831
23.52,832
24.15,833
29.15,834
29.79,835
27.53,836
25.82,837
24.99,838
23.46,839
22.45,840
22.81,841
22.53,842
21.82,843
21.9,844
22.77,845
24.07,846
29.14,847
33.49,848
33.14,849
33.29,850
30.86,851
29.64,852
26.72,853
25.54,854
25.04,855
24.65,856
25.02,857
30.98,858
33.1,859
30.23,860
29.97,861
26.96,862
24.84,863
23.65,864
22.66,865
22.15,866
22.31,867
22.07,868
22.67,869
23.91,870
25.33,871
27.0,872
27.6,873
27.09,874
28.09,875
27.42,876
25.61,877
25.03,878
24.94,879
24.92,880
25.51,881
31.07,882
34.91,883
31.61,884
29.83,885
28.25,886
27.46,887
25.75,888
24.92,889
24.21,890
23.7,891
23.52,892
23.9,893
24.33,894
24.98,895
25.89,896
26.72,897
28.28,898
28.48,899
28.16,900
26.87,901
26.08,902
25.46,903
25.2,904
26.43,905
33.64,906
37.09,907
34.71,908
33.36,909
30.24,910
27.93,911
27.25,912
29.54,913
29.89,914
30.12,915
30.39,916
32.09,917
36.38,918
46.65,919
65.88,920
52.75,921
41.46,922
39.06,923
36.9,924
34.25,925
32.51,926
29.94,927
30.02,928
32.75,929
42.85,930
48.83,931
41.88,932
37.38,933
35.39,934
31.6,935
27.78,936
28.22,937
27.38,938
27.15,939
26.89,940
27.24,941
28.34,942
35.09,943
43.34,944
40.14,945
37.39,946
37.04,947
34.46,948
30.62,949
28.51,950
28.06,951
28.1,952
28.79,953
36.65,954
38.5,955
36.44,956
34.86,957
30.97,958
28.1,959
27.73,960
27.68,961
27.48,962
27.3,963
27.32,964
27.73,965
30.63,966
37.78,967
49.38,968
44.98,969
42.47,970
41.99,971
38.27,972
35.13,973
32.67,974
31.84,975
31.84,976
32.58,977
41.7,978
45.84,979
42.18,980
37.36,981
33.65,982
30.59,983
27.57,984
25.34,985
25.26,986
25.02,987
24.88,988
25.06,989
26.3,990
31.68,991
36.54,992
38.76,993
38.52,994
39.14,995
38.03,996
35.69,997
33.7,998
31.32,999
30.91,1000
31.51,1001
38.46,1002
41.41,1003
39.08,1004
36.73,1005
33.27,1006
30.47,1007
28.41,1008
31.32,1009
30.84,1010
30.74,1011
30.82,1012
30.79,1013
33.42,1014
51.54,1015
58.69,1016
56.99,1017
54.72,1018
56.82,1019
54.67,1020
51.49,1021
50.2,1022
45.34,1023
44.46,1024
44.86,1025
55.86,1026
61.72,1027
56.43,1028
53.35,1029
49.46,1030
45.13,1031
41.84,1032
37.87,1033
36.63,1034
35.78,1035
36.02,1036
36.04,1037
36.3,1038
37.54,1039
42.21,1040
48.22,1041
51.47,1042
52.44,1043
49.62,1044
47.38,1045
44.82,1046
40.31,1047
39.09,1048
41.02,1049
51.68,1050
57.38,1051
49.5,1052
44.45,1053
41.48,1054
38.91,1055
35.76,1056
47.22,1057
45.94,1058
44.52,1059
44.03,1060
41.92,1061
43.35,1062
44.86,1063
45.76,1064
50.57,1065
55.37,1066
57.4,1067
55.82,1068
49.75,1069
46.15,1070
44.34,1071
43.43,1072
44.99,1073
57.07,1074
76.36,1075
65.78,1076
60.46,1077
52.05,1078
47.7,1079
43.53,1080
39.83,1081
39.94,1082
38.32,1083
38.96,1084
39.89,1085
43.6,1086
51.1,1087
63.33,1088
70.69,1089
77.18,1090
77.83,1091
71.5,1092
61.54,1093
55.69,1094
50.41,1095
50.3,1096
53.13,1097
71.42,1098
92.04,1099
75.96,1100
59.45,1101
49.24,1102
45.33,1103
41.0,1104
47.4,1105
47.56,1106
44.26,1107
45.1,1108
45.64,1109
50.91,1110
71.79,1111
90.12,1112
93.31,1113
95.69,1114
94.16,1115
90.75,1116
77.64,1117
77.72,1118
64.27,1119
68.6,1120
76.33,1121
92.41,1122
112.01,1123
109.71,1124
100.78,1125
95.24,1126
71.04,1127
55.4,1128
72.35,1129
73.16,1130
70.47,1131
76.32,1132
90.33,1133
109.46,1134
143.07,1135
163.07,1136
150.09,1137
145.03,1138
154.83,1139
143.54,1140
125.58,1141
122.2,1142
115.04,1143
116.19,1144
118.81,1145
138.68,1146
164.65,1147
160.24,1148
151.08,1149
127.42,1150
111.65,1151
100.04,1152
103.8,1153
98.18,1154
96.3,1155
96.45,1156
98.52,1157
112.32,1158
137.6,1159
149.46,1160
149.85,1161
150.08,1162
148.96,1163
143.84,1164
137.44,1165
140.6,1166
128.71,1167
123.59,1168
127.28,1169
147.07,1170
154.34,1171
146.39,1172
133.64,1173
124.14,1174
104.37,1175
91.4,1176
73.66,1177
66.8,1178
59.46,1179
64.57,1180
68.09,1181
82.87,1182
101.22,1183
108.75,1184
112.87,1185
108.58,1186
87.82,1187
72.73,1188
61.35,1189
56.56,1190
48.99,1191
45.62,1192
46.78,1193
58.06,1194
75.75,1195
68.99,1196
64.43,1197
57.41,1198
47.94,1199
42.71,1200
41.25,1201
41.6,1202
41.28,1203
42.18,1204
43.99,1205
47.43,1206
49.32,1207
51.44,1208
51.75,1209
52.67,1210
46.48,1211
40.07,1212
36.9,1213
34.99,1214
33.88,1215
32.6,1216
34.19,1217
39.84,1218
51.42,1219
50.19,1220
47.04,1221
42.82,1222
41.37,1223
36.78,1224
36.65,1225
34.17,1226
32.6,1227
33.53,1228
34.95,1229
35.43,1230
38.48,1231
39.84,1232
39.43,1233
35.6,1234
32.08,1235
30.02,1236
28.96,1237
28.4,1238
27.76,1239
27.58,1240
28.54,1241
32.94,1242
38.7,1243
37.51,1244
36.58,1245
32.82,1246
30.03,1247
28.79,1248
28.57,1249
27.88,1250
27.2,1251
27.89,1252
29.09,1253
30.42,1254
34.5,1255
36.33,1256
37.55,1257
37.29,1258
36.88,1259
34.79,1260
32.71,1261
31.57,1262
29.88,1263
29.35,1264
29.62,1265
32.87,1266
36.65,1267
35.07,1268
33.12,1269
31.11,1270
28.15,1271
26.5,1272
26.05,1273
25.53,1274
24.8,1275
24.85,1276
25.78,1277
27.7,1278
33.46,1279
36.37,1280
35.68,1281
33.86,1282
26.72,1283
25.09,1284
22.67,1285
22.43,1286
21.89,1287
21.52,1288
21.57,1289
24.92,1290
27.85,1291
26.74,1292
25.32,1293
23.25,1294
21.71,1295
19.94,1296
19.52,1297
19.26,1298
19.02,1299
19.37,1300
19.87,1301
22.5,1302
27.6,1303
27.84,1304
26.23,1305
24.93,1306
23.38,1307
21.13,1308
20.31,1309
20.05,1310
19.87,1311
19.8,1312
20.13,1313
23.86,1314
26.41,1315
25.83,1316
25.07,1317
22.92,1318
21.01,1319
19.69,1320
19.64,1321
19.02,1322
18.84,1323
19.23,1324
20.27,1325
21.21,1326
26.34,1327
26.73,1328
26.46,1329
26.19,1330
25.79,1331
24.6,1332
22.44,1333
21.61,1334
20.75,1335
20.8,1336
21.12,1337
25.37,1338
30.56,1339
28.57,1340
27.67,1341
25.98,1342
24.88,1343
22.46,1344
22.22,1345
21.47,1346
21.28,1347
20.99,1348
22.31,1349
25.02,1350
33.07,1351
34.01,1352
31.5,1353
26.76,1354
25.99,1355
24.24,1356
22.54,1357
21.87,1358
21.26,1359
21.19,1360
20.86,1361
24.51,1362
26.67,1363
25.49,1364
22.62,1365
21.55,1366
20.09,1367
20.11,1368
20.89,1369
19.14,1370
18.36,1371
18.33,1372
18.37,1373
19.31,1374
21.06,1375
22.4,1376
23.21,1377
23.89,1378
23.36,1379
23.24,1380
21.62,1381
19.48,1382
18.39,1383
18.35,1384
19.13,1385
22.49,1386
23.89,1387
23.0,1388
21.07,1389
19.33,1390
18.68,1391
18.17,1392
18.14,1393
17.88,1394
17.53,1395
17.55,1396
17.69,1397
17.64,1398
18.42,1399
18.5,1400
20.05,1401
20.24,1402
20.7,1403
20.17,1404
19.62,1405
18.46,1406
18.0,1407
17.91,1408
18.87,1409
22.67,1410
25.42,1411
23.26,1412
21.76,1413
19.82,1414
18.61,1415
17.68,1416
17.12,1417
16.91,1418
16.9,1419
17.01,1420
17.48,1421
19.22,1422
23.62,1423
25.85,1424
27.49,1425
27.07,1426
27.15,1427
26.85,1428
25.53,1429
23.0,1430
22.11,1431
21.54,1432
22.2,1433
26.06,1434
32.21,1435
33.08,1436
31.18,1437
27.88,1438
24.89,1439
23.33,1440
23.68,1441
23.02,1442
22.41,1443
23.57,1444
25.84,1445
33.6,1446
50.01,1447
57.71,1448
38.43,1449
30.69,1450
28.54,1451
25.85,1452
24.49,1453
24.14,1454
22.49,1455
21.78,1456
22.91,1457
27.49,1458
35.22,1459
32.6,1460
29.68,1461
27.08,1462
24.71,1463
22.14,1464
21.88,1465
21.59,1466
21.38,1467
21.67,1468
22.59,1469
27.1,1470
40.58,1471
41.87,1472
29.09,1473
26.88,1474
25.52,1475
22.47,1476
21.12,1477
20.83,1478
20.16,1479
19.85,1480
20.5,1481
23.55,1482
27.71,1483
27.77,1484
25.6,1485
23.17,1486
20.75,1487
20.02,1488
20.25,1489
20.01,1490
19.93,1491
20.21,1492
20.72,1493
24.32,1494
31.56,1495
33.12,1496
27.93,1497
26.47,1498
25.91,1499
25.05,1500
24.07,1501
23.12,1502
22.02,1503
22.02,1504
22.93,1505
26.32,1506
35.74,1507
35.46,1508
32.6,1509
28.32,1510
25.89,1511
24.6,1512
25.06,1513
24.81,1514
24.58,1515
25.62,1516
26.05,1517
30.7,1518
52.9,1519
52.73,1520
33.78,1521
29.21,1522
27.31,1523
25.27,1524
24.02,1525
22.96,1526
21.87,1527
21.24,1528
22.81,1529
27.1,1530
33.41,1531
32.13,1532
29.67,1533
27.84,1534
25.85,1535
23.29,1536
25.66,1537
25.54,1538
25.06,1539
25.12,1540
26.23,1541
28.24,1542
31.98,1543
33.22,1544
31.3,1545
27.66,1546
25.63,1547
23.35,1548
21.69,1549
20.91,1550
19.92,1551
19.79,1552
21.34,1553
24.84,1554
32.27,1555
33.76,1556
28.48,1557
27.79,1558
26.69,1559
25.02,1560
27.44,1561
28.57,1562
28.29,1563
28.37,1564
28.64,1565
29.76,1566
34.18,1567
33.56,1568
30.42,1569
26.12,1570
24.58,1571
22.88,1572
21.44,1573
20.8,1574
20.24,1575
20.21,1576
21.87,1577
25.94,1578
37.81,1579
37.4,1580
33.31,1581
28.91,1582
26.87,1583
24.94,1584
26.23,1585
26.05,1586
25.05,1587
25.85,1588
28.43,1589
33.73,1590
55.93,1591
54.07,1592
33.39,1593
29.04,1594
26.12,1595
23.74,1596
21.52,1597
20.8,1598
20.33,1599
20.3,1600
20.59,1601
24.51,1602
31.38,1603
31.18,1604
28.39,1605
25.63,1606
22.42,1607
20.69,1608
21.08,1609
20.22,1610
19.63,1611
19.85,1612
21.33,1613
26.16,1614
33.03,1615
31.51,1616
26.32,1617
23.92,1618
21.36,1619
19.96,1620
18.85,1621
18.2,1622
17.95,1623
17.88,1624
18.17,1625
21.09,1626
27.91,1627
26.6,1628
22.96,1629
21.31,1630
19.03,1631
17.58,1632
18.24,1633
18.38,1634
18.06,1635
18.24,1636
18.8,1637
21.66,1638
27.07,1639
27.86,1640
22.68,1641
21.29,1642
20.26,1643
19.69,1644
18.62,1645
18.35,1646
17.95,1647
17.86,1648
18.41,1649
21.27,1650
26.24,1651
25.47,1652
22.7,1653
20.27,1654
18.34,1655
17.53,1656
17.6,1657
17.32,1658
17.42,1659
17.15,1660
17.34,1661
19.21,1662
25.49,1663
23.98,1664
22.14,1665
22.0,1666
22.1,1667
22.11,1668
21.72,1669
21.48,1670
21.16,1671
20.81,1672
21.94,1673
23.88,1674
28.16,1675
28.55,1676
25.47,1677
22.59,1678
20.61,1679
18.92,1680
19.9,1681
19.65,1682
18.74,1683
18.43,1684
19.62,1685
22.25,1686
28.48,1687
29.37,1688
27.69,1689
26.97,1690
26.51,1691
25.35,1692
24.23,1693
23.28,1694
22.22,1695
21.43,1696
21.86,1697
23.91,1698
29.69,1699
28.82,1700
24.45,1701
22.03,1702
21.06,1703
19.23,1704
19.71,1705
19.39,1706
18.56,1707
18.51,1708
19.72,1709
21.01,1710
23.26,1711
24.81,1712
24.68,1713
22.97,1714
22.61,1715
21.84,1716
19.82,1717
19.18,1718
18.65,1719
18.56,1720
19.17,1721
20.76,1722
28.21,1723
28.13,1724
26.7,1725
24.34,1726
22.44,1727
21.82,1728
20.34,1729
19.2,1730
18.52,1731
18.63,1732
19.83,1733
21.58,1734
22.48,1735
22.12,1736
20.62,1737
20.03,1738
18.81,1739
18.34,1740
17.9,1741
17.74,1742
17.54,1743
18.17,1744
19.15,1745
22.34,1746
28.72,1747
29.49,1748
24.44,1749
20.89,1750
19.98,1751
20.35,1752
21.84,1753
21.75,1754
21.84,1755
23.63,1756
32.97,1757
53.63,1758
62.33,1759
37.37,1760
32.13,1761
32.19,1762
27.44,1763
25.9,1764
24.61,1765
23.58,1766
22.85,1767
23.53,1768
25.18,1769
27.39,1770
37.82,1771
34.63,1772
28.69,1773
25.84,1774
24.77,1775
22.31,1776
22.09,1777
21.87,1778
22.27,1779
23.35,1780
26.27,1781
40.59,1782
44.29,1783
41.29,1784
37.01,1785
35.37,1786
32.37,1787
29.5,1788
28.28,1789
27.37,1790
25.82,1791
26.22,1792
27.35,1793
30.01,1794
37.93,1795
33.42,1796
26.21,1797
24.32,1798
21.48,1799
19.95,1800
19.94,1801
19.12,1802
19.27,1803
19.89,1804
21.71,1805
29.79,1806
34.96,1807
31.35,1808
30.34,1809
27.66,1810
26.12,1811
23.7,1812
22.98,1813
22.05,1814
21.26,1815
21.29,1816
21.86,1817
22.4,1818
25.92,1819
25.52,1820
21.28,1821
19.2,1822
17.63,1823
17.45,1824
17.1,1825
16.54,1826
16.4,1827
16.98,1828
16.89,1829
22.69,1830
25.08,1831
25.63,1832
27.22,1833
26.87,1834
26.87,1835
25.13,1836
24.59,1837
22.68,1838
22.35,1839
22.44,1840
22.14,1841
23.15,1842
25.44,1843
24.32,1844
21.53,1845
19.79,1846
18.05,1847
19.93,1848
19.23,1849
18.67,1850
18.87,1851
19.68,1852
22.51,1853
30.32,1854
34.21,1855
34.45,1856
32.86,1857
33.88,1858
31.9,1859
29.47,1860
25.57,1861
24.42,1862
23.55,1863
23.6,1864
24.34,1865
28.41,1866
36.42,1867
33.47,1868
30.5,1869
26.64,1870
23.91,1871
29.07,1872
26.37,1873
25.36,1874
25.79,1875
27.5,1876
30.24,1877
35.37,1878
40.19,1879
39.28,1880
34.55,1881
29.83,1882
23.99,1883
21.8,1884
20.29,1885
19.72,1886
19.08,1887
19.59,1888
19.96,1889
21.19,1890
26.9,1891
26.18,1892
23.55,1893
21.31,1894
19.93,1895
22.67,1896
22.34,1897
22.15,1898
22.77,1899
22.98,1900
23.1,1901
26.48,1902
28.55,1903
28.5,1904
23.87,1905
21.22,1906
19.73,1907
19.33,1908
18.03,1909
17.32,1910
17.25,1911
17.72,1912
18.11,1913
20.19,1914
27.57,1915
27.45,1916
22.5,1917
19.86,1918
18.48,1919
20.98,1920
19.71,1921
19.66,1922
21.1,1923
20.13,1924
23.94,1925
36.77,1926
46.11,1927
34.78,1928
31.97,1929
29.35,1930
26.03,1931
23.93,1932
22.98,1933
21.3,1934
20.72,1935
21.47,1936
22.29,1937
24.07,1938
32.39,1939
29.39,1940
24.91,1941
21.39,1942
19.24,1943
20.47,1944
19.99,1945
19.11,1946
18.91,1947
19.78,1948
21.71,1949
30.01,1950
35.29,1951
30.24,1952
28.42,1953
26.34,1954
25.05,1955
23.21,1956
22.58,1957
21.45,1958
20.96,1959
21.26,1960
22.05,1961
22.77,1962
28.99,1963
28.27,1964
21.98,1965
19.71,1966
18.25,1967
17.17,1968
16.54,1969
16.24,1970
16.28,1971
17.03,1972
18.76,1973
25.01,1974
26.9,1975
28.15,1976
28.62,1977
29.5,1978
28.94,1979
28.07,1980
26.44,1981
25.5,1982
24.49,1983
24.15,1984
24.8,1985
25.71,1986
29.26,1987
27.3,1988
23.15,1989
21.42,1990
19.16,1991
17.93,1992
18.03,1993
17.58,1994
17.25,1995
18.06,1996
19.76,1997
26.96,1998
28.5,1999
27.65,2000
28.58,2001
27.13,2002
27.58,2003
26.52,2004
25.66,2005
24.89,2006
23.31,2007
22.57,2008
22.8,2009
23.13,2010
25.97,2011
24.73,2012
20.38,2013
19.22,2014
18.24,2015
16.3,2016
15.64,2017
15.29,2018
14.94,2019
15.29,2020
17.52,2021
20.6,2022
22.57,2023
24.41,2024
25.53,2025
26.89,2026
27.25,2027
25.91,2028
25.42,2029
25.02,2030
24.0,2031
23.51,2032
23.7,2033
23.92,2034
25.8,2035
25.48,2036
22.09,2037
20.07,2038
17.95,2039
19.16,2040
18.59,2041
18.13,2042
17.91,2043
17.82,2044
17.94,2045
18.98,2046
21.26,2047
21.91,2048
21.89,2049
21.58,2050
21.06,2051
20.26,2052
19.39,2053
18.86,2054
18.97,2055
20.21,2056
21.04,2057
21.89,2058
27.76,2059
25.97,2060
21.53,2061
19.24,2062
18.07,2063
17.79,2064
18.03,2065
17.05,2066
16.35,2067
15.94,2068
16.05,2069
16.15,2070
17.28,2071
20.04,2072
20.92,2073
23.55,2074
23.59,2075
21.25,2076
20.52,2077
20.67,2078
20.51,2079
21.0,2080
21.76,2081
22.97,2082
30.36,2083
34.58,2084
27.71,2085
23.3,2086
21.35,2087
18.74,2088
18.63,2089
18.59,2090
18.73,2091
19.18,2092
24.03,2093
35.1,2094
38.81,2095
31.71,2096
31.23,2097
29.66,2098
25.23,2099
22.77,2100
21.54,2101
20.89,2102
20.1,2103
20.2,2104
21.31,2105
22.9,2106
36.51,2107
31.89,2108
25.06,2109
21.57,2110
19.94,2111
18.78,2112
17.97,2113
17.57,2114
17.52,2115
18.51,2116
21.35,2117
33.17,2118
35.49,2119
26.83,2120
23.42,2121
22.0,2122
21.96,2123
20.75,2124
20.3,2125
20.02,2126
19.7,2127
19.88,2128
20.25,2129
21.51,2130
28.49,2131
29.07,2132
22.07,2133
19.84,2134
18.41,2135
15.58,2136
15.49,2137
15.22,2138
15.16,2139
15.93,2140
18.49,2141
22.31,2142
23.42,2143
23.75,2144
24.86,2145
26.1,2146
25.33,2147
23.55,2148
23.94,2149
21.74,2150
20.94,2151
20.98,2152
21.14,2153
21.85,2154
25.11,2155
24.83,2156
22.24,2157
20.08,2158
18.45,2159
17.71,2160
17.65,2161
16.59,2162
17.3,2163
18.11,2164
19.26,2165
24.68,2166
29.55,2167
29.81,2168
28.25,2169
27.97,2170
26.87,2171
25.22,2172
23.96,2173
22.72,2174
22.35,2175
22.44,2176
23.57,2177
24.36,2178
30.76,2179
38.57,2180
29.87,2181
24.89,2182
22.52,2183
23.24,2184
22.78,2185
22.63,2186
22.96,2187
23.69,2188
27.26,2189
37.67,2190
54.57,2191
42.42,2192
34.21,2193
29.41,2194
26.7,2195
24.51,2196
22.97,2197
21.55,2198
21.2,2199
21.22,2200
21.57,2201
23.15,2202
27.39,2203
28.89,2204
24.89,2205
24.63,2206
21.74,2207
23.38,2208
23.48,2209
22.43,2210
22.62,2211
22.57,2212
23.88,2213
25.53,2214
30.46,2215
27.16,2216
25.32,2217
22.33,2218
21.14,2219
20.15,2220
18.85,2221
17.8,2222
17.27,2223
18.12,2224
18.7,2225
19.64,2226
24.08,2227
26.75,2228
22.83,2229
21.07,2230
20.25,2231
20.03,2232
19.67,2233
18.39,2234
18.29,2235
18.78,2236
20.02,2237
20.87,2238
22.38,2239
22.14,2240
21.99,2241
20.93,2242
19.16,2243
18.22,2244
17.45,2245
17.12,2246
16.71,2247
17.06,2248
17.26,2249
18.72,2250
21.33,2251
24.5,2252
20.64,2253
18.44,2254
17.11,2255
16.84,2256
16.97,2257
16.45,2258
16.48,2259
16.83,2260
19.32,2261
24.76,2262
29.05,2263
27.63,2264
27.79,2265
28.1,2266
28.19,2267
25.46,2268
23.31,2269
23.18,2270
22.46,2271
22.71,2272
23.54,2273
24.86,2274
29.1,2275
32.13,2276
24.44,2277
21.63,2278
19.31,2279
17.19,2280
16.8,2281
16.35,2282
16.09,2283
16.62,2284
18.34,2285
21.9,2286
24.31,2287
23.62,2288
23.99,2289
24.01,2290
24.22,2291
24.99,2292
24.51,2293
24.03,2294
24.64,2295
27.54,2296
28.56,2297
27.74,2298
33.12,2299
35.64,2300
25.61,2301
20.77,2302
17.96,2303
16.46,2304
15.92,2305
15.0,2306
14.81,2307
15.23,2308
17.42,2309
20.49,2310
23.38,2311
23.36,2312
24.4,2313
24.84,2314
25.63,2315
27.97,2316
31.06,2317
31.76,2318
33.24,2319
36.55,2320
36.86,2321
33.33,2322
36.81,2323
37.86,2324
25.97,2325
21.93,2326
18.85,2327
17.61,2328
16.73,2329
16.23,2330
15.78,2331
15.85,2332
18.14,2333
20.93,2334
23.01,2335
23.42,2336
24.16,2337
25.6,2338
26.89,2339
27.48,2340
26.0,2341
25.31,2342
24.84,2343
25.28,2344
24.06,2345
23.58,2346
26.94,2347
30.61,2348
24.44,2349
20.89,2350
18.5,2351
16.61,2352
16.21,2353
15.89,2354
15.7,2355
15.83,2356
17.8,2357
20.78,2358
22.45,2359
23.13,2360
24.02,2361
24.71,2362
24.24,2363
25.17,2364
24.25,2365
23.91,2366
23.37,2367
23.91,2368
24.08,2369
24.4,2370
27.39,2371
28.56,2372
24.67,2373
21.84,2374
19.03,2375
19.26,2376
18.48,2377
17.4,2378
17.28,2379
17.2,2380
17.9,2381
18.7,2382
20.04,2383
21.62,2384
22.2,2385
22.45,2386
23.01,2387
22.8,2388
22.41,2389
22.36,2390
22.64,2391
22.77,2392
23.16,2393
22.94,2394
25.62,2395
26.63,2396
22.55,2397
20.42,2398
18.29,2399
18.03,2400
17.83,2401
16.78,2402
16.18,2403
16.42,2404
16.76,2405
17.54,2406
18.1,2407
19.86,2408
21.06,2409
21.74,2410
22.86,2411
22.53,2412
22.29,2413
22.3,2414
22.03,2415
22.5,2416
24.75,2417
28.68,2418
31.15,2419
43.51,2420
28.87,2421
22.88,2422
20.05,2423
18.58,2424
17.64,2425
17.26,2426
17.33,2427
17.8,2428
20.58,2429
26.14,2430
27.96,2431
27.25,2432
30.64,2433
29.64,2434
29.63,2435
28.31,2436
26.0,2437
24.52,2438
23.24,2439
23.57,2440
23.72,2441
24.45,2442
31.73,2443
37.65,2444
26.45,2445
22.31,2446
20.74,2447
19.13,2448
19.04,2449
18.31,2450
18.48,2451
19.36,2452
22.29,2453
32.35,2454
39.46,2455
31.8,2456
32.41,2457
30.45,2458
28.19,2459
26.8,2460
25.28,2461
25.22,2462
23.63,2463
23.85,2464
24.43,2465
24.99,2466
33.08,2467
42.23,2468
28.64,2469
23.31,2470
21.43,2471
19.36,2472
19.38,2473
19.29,2474
19.29,2475
20.36,2476
23.28,2477
33.84,2478
37.44,2479
34.97,2480
35.02,2481
32.39,2482
29.99,2483
30.85,2484
28.26,2485
27.61,2486
29.12,2487
27.74,2488
29.52,2489
28.44,2490
31.36,2491
37.7,2492
30.41,2493
25.53,2494
22.53,2495
20.7,2496
20.42,2497
19.87,2498
20.07,2499
20.66,2500
22.99,2501
30.25,2502
32.57,2503
34.7,2504
34.68,2505
33.17,2506
32.11,2507
33.38,2508
30.59,2509
28.7,2510
26.09,2511
25.99,2512
27.93,2513
30.47,2514
33.89,2515
43.63,2516
31.97,2517
26.52,2518
22.89,2519
23.87,2520
22.52,2521
21.8,2522
21.94,2523
23.34,2524
27.14,2525
41.86,2526
47.37,2527
41.48,2528
38.14,2529
35.19,2530
32.72,2531
31.15,2532
30.5,2533
28.23,2534
26.13,2535
25.07,2536
26.52,2537
26.73,2538
31.0,2539
36.55,2540
29.95,2541
26.3,2542
24.38,2543
25.23,2544
25.17,2545
24.78,2546
24.84,2547
25.16,2548
25.23,2549
28.28,2550
33.98,2551
35.18,2552
35.7,2553
34.12,2554
32.35,2555
28.3,2556
26.5,2557
25.02,2558
24.98,2559
25.36,2560
26.88,2561
27.12,2562
34.55,2563
42.91,2564
34.15,2565
27.46,2566
24.0,2567
23.69,2568
23.31,2569
23.06,2570
23.04,2571
22.9,2572
22.91,2573
23.24,2574
24.2,2575
24.67,2576
24.64,2577
23.87,2578
23.8,2579
22.68,2580
22.62,2581
22.28,2582
22.1,2583
22.54,2584
24.32,2585
25.07,2586
30.7,2587
39.87,2588
31.28,2589
24.17,2590
22.28,2591
22.56,2592
21.43,2593
20.66,2594
20.97,2595
21.88,2596
23.37,2597
32.65,2598
37.52,2599
33.88,2600
32.91,2601
31.7,2602
31.92,2603
28.73,2604
27.64,2605
26.05,2606
24.69,2607
24.59,2608
26.96,2609
26.98,2610
33.17,2611
40.86,2612
31.87,2613
25.12,2614
22.32,2615
24.2,2616
24.76,2617
23.98,2618
24.12,2619
25.08,2620
30.6,2621
41.97,2622
41.24,2623
39.43,2624
39.36,2625
37.5,2626
39.09,2627
35.42,2628
36.69,2629
33.82,2630
31.83,2631
32.05,2632
35.27,2633
34.2,2634
40.91,2635
45.5,2636
37.86,2637
32.35,2638
29.16,2639
25.07,2640
24.62,2641
23.09,2642
23.42,2643
24.53,2644
28.34,2645
35.5,2646
39.41,2647
37.12,2648
35.92,2649
36.37,2650
34.43,2651
34.57,2652
33.47,2653
29.04,2654
28.59,2655
31.74,2656
30.59,2657
35.7,2658
42.44,2659
49.1,2660
36.6,2661
32.72,2662
31.86,2663
33.7,2664
31.28,2665
29.19,2666
30.56,2667
33.63,2668
38.8,2669
52.81,2670
63.46,2671
43.75,2672
37.34,2673
35.57,2674
33.65,2675
31.18,2676
29.35,2677
27.76,2678
26.22,2679
26.15,2680
28.23,2681
29.94,2682
36.33,2683
46.09,2684
34.86,2685
30.11,2686
27.17,2687
28.94,2688
27.06,2689
25.53,2690
26.1,2691
28.61,2692
34.58,2693
52.12,2694
59.62,2695
42.84,2696
35.95,2697
35.84,2698
31.27,2699
30.35,2700
28.46,2701
26.83,2702
24.9,2703
24.9,2704
25.22,2705
26.35,2706
32.96,2707
39.64,2708
32.78,2709
26.8,2710
23.04,2711
24.66,2712
24.56,2713
22.67,2714
22.9,2715
23.48,2716
24.42,2717
24.34,2718
26.16,2719
27.38,2720
29.47,2721
29.95,2722
29.1,2723
27.98,2724
26.76,2725
25.56,2726
25.19,2727
26.66,2728
28.1,2729
26.77,2730
28.77,2731
35.43,2732
28.28,2733
25.24,2734
22.49,2735
21.17,2736
20.5,2737
18.8,2738
18.71,2739
18.89,2740
18.96,2741
20.44,2742
22.12,2743
23.33,2744
24.04,2745
24.11,2746
24.62,2747
23.86,2748
22.74,2749
22.04,2750
21.41,2751
22.24,2752
23.02,2753
22.9,2754
27.85,2755
34.24,2756
28.32,2757
22.79,2758
20.66,2759
20.5,2760
19.92,2761
18.61,2762
19.91,2763
21.53,2764
25.19,2765
39.49,2766
37.98,2767
32.91,2768
30.43,2769
29.44,2770
29.39,2771
28.08,2772
25.9,2773
25.25,2774
23.64,2775
25.22,2776
27.38,2777
27.56,2778
34.02,2779
41.15,2780
33.14,2781
22.58,2782
20.85,2783
18.5,2784
17.47,2785
17.28,2786
17.45,2787
18.21,2788
20.52,2789
25.88,2790
25.41,2791
25.35,2792
24.79,2793
25.46,2794
26.9,2795
30.07,2796
31.54,2797
36.79,2798
46.74,2799
41.58,2800
45.58,2801
41.9,2802
41.04,2803
45.16,2804
34.76,2805
25.5,2806
21.85,2807
20.73,2808
19.0,2809
17.76,2810
17.59,2811
18.42,2812
20.49,2813
23.7,2814
27.24,2815
27.68,2816
30.09,2817
32.55,2818
36.51,2819
42.57,2820
43.5,2821
49.37,2822
51.4,2823
60.15,2824
61.77,2825
49.82,2826
47.22,2827
46.49,2828
33.66,2829
26.86,2830
23.48,2831
22.6,2832
21.32,2833
19.61,2834
18.97,2835
19.37,2836
21.93,2837
27.03,2838
30.36,2839
31.22,2840
34.47,2841
36.68,2842
40.3,2843
47.6,2844
49.74,2845
51.23,2846
58.57,2847
68.26,2848
65.85,2849
53.25,2850
50.78,2851
48.74,2852
31.81,2853
25.88,2854
21.91,2855
23.08,2856
20.25,2857
18.9,2858
18.72,2859
18.85,2860
21.36,2861
27.1,2862
27.44,2863
28.31,2864
27.83,2865
28.71,2866
28.83,2867
28.03,2868
26.93,2869
26.17,2870
24.87,2871
25.08,2872
25.31,2873
25.64,2874
28.74,2875
31.0,2876
28.31,2877
24.3,2878
20.62,2879
23.0,2880
22.77,2881
20.25,2882
19.94,2883
20.68,2884
21.69,2885
21.97,2886
22.94,2887
23.16,2888
23.06,2889
20.72,2890
20.03,2891
19.53,2892
19.24,2893
19.59,2894
19.53,2895
20.67,2896
20.7,2897
22.48,2898
24.85,2899
27.67,2900
24.31,2901
19.92,2902
18.75,2903
18.72,2904
17.98,2905
16.8,2906
16.83,2907
16.35,2908
16.0,2909
16.19,2910
16.83,2911
18.19,2912
19.86,2913
20.84,2914
22.11,2915
23.75,2916
25.64,2917
29.65,2918
32.36,2919
36.09,2920
43.06,2921
39.36,2922
37.03,2923
48.22,2924
33.88,2925
25.63,2926
22.59,2927
19.52,2928
18.74,2929
17.96,2930
17.79,2931
18.76,2932
21.38,2933
26.24,2934
27.71,2935
29.87,2936
33.39,2937
32.47,2938
35.84,2939
37.93,2940
40.03,2941
38.65,2942
38.05,2943
38.86,2944
38.39,2945
38.97,2946
35.99,2947
38.21,2948
32.98,2949
26.48,2950
23.03,2951
22.3,2952
19.61,2953
18.64,2954
18.08,2955
18.54,2956
20.07,2957
25.75,2958
27.46,2959
29.62,2960
35.11,2961
39.86,2962
42.26,2963
51.65,2964
57.98,2965
64.35,2966
72.51,2967
113.95,2968
123.82,2969
70.64,2970
54.37,2971
62.19,2972
44.44,2973
30.36,2974
25.54,2975
24.49,2976
22.01,2977
20.12,2978
20.03,2979
20.06,2980
22.1,2981
28.42,2982
29.79,2983
31.08,2984
33.7,2985
34.14,2986
36.91,2987
38.36,2988
39.32,2989
38.82,2990
39.63,2991
40.47,2992
37.66,2993
33.72,2994
33.02,2995
42.38,2996
32.13,2997
26.96,2998
23.61,2999
23.3,3000
21.81,3001
20.71,3002
20.17,3003
20.98,3004
23.96,3005
31.2,3006
31.71,3007
31.28,3008
34.17,3009
32.96,3010
30.34,3011
30.55,3012
29.88,3013
28.86,3014
28.57,3015
28.44,3016
28.93,3017
28.7,3018
29.32,3019
38.67,3020
31.07,3021
26.74,3022
25.69,3023
25.44,3024
23.14,3025
22.0,3026
21.96,3027
22.43,3028
26.06,3029
30.44,3030
37.07,3031
36.99,3032
38.25,3033
34.73,3034
33.73,3035
30.61,3036
30.06,3037
28.01,3038
27.48,3039
27.44,3040
28.29,3041
28.0,3042
28.73,3043
37.75,3044
29.56,3045
27.52,3046
24.76,3047
28.93,3048
26.6,3049
25.47,3050
25.04,3051
25.14,3052
27.09,3053
26.96,3054
28.71,3055
29.87,3056
32.18,3057
28.13,3058
28.05,3059
26.86,3060
25.34,3061
24.13,3062
23.47,3063
23.76,3064
25.3,3065
26.61,3066
29.16,3067
38.9,3068
28.66,3069
25.16,3070
22.82,3071
24.22,3072
23.05,3073
21.16,3074
20.37,3075
20.79,3076
21.46,3077
21.43,3078
22.96,3079
24.77,3080
26.24,3081
24.29,3082
24.11,3083
23.36,3084
22.64,3085
22.4,3086
21.73,3087
23.22,3088
25.13,3089
25.87,3090
29.65,3091
35.42,3092
30.95,3093
25.03,3094
22.54,3095
25.17,3096
23.65,3097
22.52,3098
22.41,3099
22.92,3100
27.8,3101
37.82,3102
39.82,3103
35.75,3104
38.13,3105
36.96,3106
36.57,3107
34.26,3108
32.94,3109
30.38,3110
27.99,3111
29.0,3112
30.32,3113
30.01,3114
31.05,3115
35.5,3116
32.12,3117
27.22,3118
23.67,3119
22.47,3120
20.16,3121
19.58,3122
19.84,3123
20.79,3124
23.2,3125
31.1,3126
30.48,3127
31.15,3128
31.05,3129
30.32,3130
29.13,3131
29.12,3132
27.76,3133
26.09,3134
25.25,3135
25.59,3136
27.04,3137
27.31,3138
29.19,3139
33.36,3140
30.36,3141
25.24,3142
22.03,3143
21.26,3144
19.89,3145
19.52,3146
19.48,3147
19.97,3148
24.48,3149
31.45,3150
30.97,3151
31.17,3152
31.14,3153
30.38,3154
29.13,3155
28.8,3156
27.02,3157
26.19,3158
25.13,3159
25.4,3160
26.89,3161
27.41,3162
29.43,3163
37.54,3164
30.58,3165
24.79,3166
21.59,3167
21.55,3168
20.13,3169
19.82,3170
19.6,3171
20.6,3172
23.65,3173
31.91,3174
29.97,3175
29.94,3176
29.74,3177
29.36,3178
28.59,3179
27.65,3180
27.2,3181
26.94,3182
26.44,3183
26.96,3184
28.01,3185
28.2,3186
29.25,3187
34.03,3188
29.99,3189
25.74,3190
21.38,3191
20.47,3192
19.1,3193
18.71,3194
19.13,3195
19.87,3196
22.27,3197
26.82,3198
27.32,3199
27.27,3200
27.87,3201
27.79,3202
27.33,3203
27.03,3204
26.99,3205
26.36,3206
26.02,3207
25.98,3208
26.96,3209
26.23,3210
26.74,3211
28.91,3212
26.06,3213
23.28,3214
19.94,3215
21.88,3216
21.43,3217
20.6,3218
19.91,3219
19.91,3220
20.17,3221
20.47,3222
20.2,3223
21.61,3224
22.36,3225
22.45,3226
23.75,3227
23.5,3228
23.49,3229
23.72,3230
24.42,3231
25.27,3232
26.87,3233
26.56,3234
27.03,3235
29.35,3236
27.85,3237
24.47,3238
20.25,3239
21.18,3240
20.37,3241
19.74,3242
19.17,3243
18.7,3244
18.69,3245
18.53,3246
18.49,3247
19.48,3248
20.64,3249
21.16,3250
21.68,3251
22.16,3252
22.5,3253
22.69,3254
23.65,3255
25.35,3256
27.41,3257
27.22,3258
27.68,3259
28.91,3260
26.74,3261
22.02,3262
18.84,3263
18.93,3264
18.79,3265
17.73,3266
17.31,3267
17.87,3268
19.09,3269
22.23,3270
23.55,3271
23.31,3272
24.51,3273
26.04,3274
26.82,3275
26.79,3276
28.54,3277
28.99,3278
28.92,3279
29.45,3280
30.51,3281
29.57,3282
29.1,3283
29.55,3284
28.29,3285
21.73,3286
19.31,3287
20.76,3288
19.31,3289
18.15,3290
17.8,3291
18.04,3292
19.49,3293
24.88,3294
24.74,3295
24.15,3296
25.44,3297
27.19,3298
28.59,3299
29.25,3300
29.75,3301
30.72,3302
34.03,3303
34.99,3304
36.31,3305
34.42,3306
32.43,3307
33.03,3308
30.49,3309
23.22,3310
21.0,3311
20.6,3312
19.08,3313
18.26,3314
17.42,3315
18.26,3316
20.26,3317
23.85,3318
23.74,3319
24.95,3320
27.97,3321
28.7,3322
29.38,3323
31.81,3324
36.6,3325
39.43,3326
42.61,3327
47.74,3328
51.83,3329
44.44,3330
38.71,3331
39.16,3332
33.79,3333
27.44,3334
23.06,3335
21.74,3336
19.66,3337
18.38,3338
17.53,3339
18.11,3340
18.99,3341
23.29,3342
24.22,3343
25.81,3344
29.32,3345
31.95,3346
36.16,3347
40.44,3348
44.48,3349
49.03,3350
53.02,3351
64.61,3352
65.11,3353
52.41,3354
41.53,3355
38.99,3356
32.88,3357
27.16,3358
23.1,3359
20.65,3360
18.79,3361
17.97,3362
17.05,3363
17.48,3364
18.34,3365
20.69,3366
22.91,3367
24.44,3368
27.44,3369
30.59,3370
34.31,3371
38.47,3372
43.8,3373
48.64,3374
56.77,3375
64.96,3376
67.38,3377
49.46,3378
40.4,3379
36.27,3380
33.29,3381
28.74,3382
24.51,3383
21.23,3384
19.09,3385
18.09,3386
17.31,3387
16.94,3388
17.35,3389
17.25,3390
18.99,3391
20.55,3392
23.64,3393
26.26,3394
29.57,3395
31.95,3396
34.69,3397
37.84,3398
42.05,3399
54.58,3400
58.94,3401
48.32,3402
36.71,3403
36.03,3404
32.47,3405
26.28,3406
24.5,3407
23.55,3408
19.7,3409
19.45,3410
17.73,3411
17.59,3412
16.93,3413
16.48,3414
19.24,3415
20.03,3416
23.43,3417
26.51,3418
29.97,3419
33.47,3420
36.28,3421
39.98,3422
41.79,3423
54.49,3424
56.72,3425
48.24,3426
38.02,3427
36.34,3428
33.24,3429
28.24,3430
24.59,3431
24.14,3432
22.25,3433
19.77,3434
19.11,3435
19.44,3436
21.92,3437
23.59,3438
24.28,3439
25.97,3440
29.78,3441
31.45,3442
33.41,3443
35.0,3444
37.12,3445
37.55,3446
39.18,3447
40.25,3448
40.61,3449
38.88,3450
33.28,3451
34.48,3452
30.71,3453
26.35,3454
21.45,3455
22.44,3456
20.03,3457
18.95,3458
18.6,3459
18.57,3460
20.24,3461
22.43,3462
24.24,3463
26.0,3464
28.74,3465
31.2,3466
34.15,3467
36.74,3468
39.87,3469
41.36,3470
45.99,3471
49.26,3472
51.03,3473
46.11,3474
40.61,3475
38.57,3476
34.26,3477
27.76,3478
23.84,3479
22.53,3480
19.87,3481
18.54,3482
17.71,3483
18.19,3484
19.86,3485
22.61,3486
24.71,3487
26.34,3488
28.76,3489
33.73,3490
38.85,3491
40.77,3492
50.58,3493
53.95,3494
60.1,3495
65.27,3496
64.1,3497
50.85,3498
39.28,3499
40.82,3500
33.78,3501
27.27,3502
24.13,3503
24.12,3504
22.67,3505
19.38,3506
18.68,3507
18.84,3508
21.22,3509
23.69,3510
24.6,3511
25.67,3512
27.92,3513
29.93,3514
33.53,3515
36.37,3516
39.77,3517
42.99,3518
46.3,3519
50.62,3520
51.86,3521
43.2,3522
36.02,3523
33.39,3524
30.17,3525
24.82,3526
22.75,3527
23.17,3528
21.48,3529
18.94,3530
18.47,3531
18.64,3532
20.1,3533
23.15,3534
23.71,3535
25.07,3536
26.39,3537
28.24,3538
33.54,3539
33.49,3540
35.07,3541
33.83,3542
34.19,3543
34.38,3544
33.6,3545
30.7,3546
26.54,3547
25.12,3548
23.12,3549
21.76,3550
20.2,3551
20.54,3552
19.04,3553
18.28,3554
17.78,3555
17.84,3556
17.92,3557
18.15,3558
18.67,3559
21.84,3560
23.73,3561
24.38,3562
24.36,3563
23.04,3564
22.41,3565
22.11,3566
21.58,3567
22.29,3568
23.25,3569
23.44,3570
23.6,3571
24.68,3572
25.35,3573
22.4,3574
20.89,3575
18.37,3576
17.73,3577
17.52,3578
17.0,3579
17.18,3580
17.18,3581
17.27,3582
17.56,3583
19.58,3584
21.49,3585
22.71,3586
22.93,3587
22.37,3588
21.84,3589
21.35,3590
21.14,3591
21.86,3592
23.43,3593
24.13,3594
24.18,3595
24.45,3596
24.97,3597
21.79,3598
19.23,3599
18.59,3600
17.71,3601
17.17,3602
16.83,3603
16.76,3604
16.83,3605
17.14,3606
17.29,3607
18.56,3608
20.08,3609
20.71,3610
21.08,3611
20.94,3612
20.86,3613
20.98,3614
21.36,3615
23.47,3616
26.37,3617
26.11,3618
26.89,3619
26.91,3620
26.32,3621
21.33,3622
18.7,3623
18.16,3624
17.37,3625
16.75,3626
16.56,3627
16.76,3628
17.88,3629
20.07,3630
21.25,3631
22.15,3632
24.26,3633
25.68,3634
27.33,3635
28.23,3636
32.39,3637
33.14,3638
33.24,3639
38.56,3640
38.91,3641
33.45,3642
32.68,3643
30.15,3644
27.88,3645
23.36,3646
20.24,3647
18.71,3648
17.66,3649
16.99,3650
16.6,3651
17.21,3652
17.92,3653
19.09,3654
21.46,3655
23.09,3656
23.51,3657
25.32,3658
26.1,3659
26.76,3660
27.79,3661
27.82,3662
28.5,3663
28.51,3664
28.55,3665
27.84,3666
26.96,3667
26.88,3668
25.03,3669
21.27,3670
19.37,3671
19.52,3672
18.5,3673
17.06,3674
16.81,3675
17.26,3676
18.73,3677
21.0,3678
22.19,3679
23.27,3680
25.79,3681
27.65,3682
30.07,3683
31.51,3684
31.34,3685
31.31,3686
31.26,3687
31.96,3688
32.72,3689
30.71,3690
30.76,3691
31.29,3692
27.23,3693
23.63,3694
21.65,3695
21.22,3696
19.06,3697
17.88,3698
17.23,3699
17.41,3700
18.43,3701
20.79,3702
22.01,3703
23.57,3704
26.11,3705
28.21,3706
30.93,3707
32.68,3708
35.04,3709
36.89,3710
38.75,3711
42.49,3712
41.56,3713
35.4,3714
34.06,3715
32.13,3716
27.5,3717
24.17,3718
20.84,3719
20.64,3720
18.32,3721
17.46,3722
15.77,3723
15.13,3724
15.31,3725
14.8,3726
17.32,3727
19.22,3728
21.03,3729
25.96,3730
28.91,3731
33.01,3732
35.27,3733
37.58,3734
42.0,3735
48.5,3736
54.07,3737
45.42,3738
39.81,3739
35.54,3740
31.55,3741
28.03,3742
24.39,3743
22.24,3744
20.84,3745
19.1,3746
18.04,3747
17.35,3748
17.18,3749
15.34,3750
17.74,3751
20.4,3752
24.64,3753
27.7,3754
31.39,3755
34.02,3756
37.63,3757
40.52,3758
50.06,3759
63.52,3760
69.35,3761
56.81,3762
44.85,3763
39.87,3764
34.92,3765
31.18,3766
26.8,3767
23.01,3768
21.01,3769
19.28,3770
18.4,3771
18.35,3772
19.82,3773
22.1,3774
25.96,3775
28.32,3776
31.27,3777
34.92,3778
40.07,3779
43.65,3780
52.16,3781
56.42,3782
56.2,3783
64.43,3784
66.23,3785
48.42,3786
40.43,3787
38.33,3788
35.54,3789
30.43,3790
26.22,3791
23.99,3792
21.77,3793
20.13,3794
19.13,3795
19.11,3796
20.07,3797
22.6,3798
26.63,3799
28.84,3800
31.23,3801
34.69,3802
38.74,3803
39.75,3804
43.95,3805
44.72,3806
48.51,3807
55.02,3808
54.74,3809
44.97,3810
38.12,3811
38.06,3812
35.24,3813
29.57,3814
26.36,3815
25.52,3816
23.94,3817
22.32,3818
21.16,3819
20.89,3820
22.63,3821
25.54,3822
27.71,3823
29.76,3824
32.31,3825
35.04,3826
40.86,3827
43.88,3828
46.6,3829
49.18,3830
50.09,3831
54.56,3832
52.43,3833
46.38,3834
38.63,3835
37.76,3836
34.95,3837
31.03,3838
27.43,3839
25.59,3840
22.6,3841
21.42,3842
20.31,3843
20.55,3844
21.65,3845
23.99,3846
27.03,3847
28.86,3848
31.65,3849
33.52,3850
36.6,3851
38.14,3852
39.4,3853
40.46,3854
42.41,3855
43.63,3856
42.67,3857
39.6,3858
36.22,3859
34.48,3860
31.21,3861
26.38,3862
23.52,3863
24.84,3864
22.92,3865
21.05,3866
20.46,3867
20.5,3868
21.43,3869
23.99,3870
26.5,3871
29.12,3872
32.78,3873
34.16,3874
36.02,3875
37.28,3876
41.76,3877
43.01,3878
45.42,3879
47.26,3880
46.1,3881
39.75,3882
36.98,3883
35.45,3884
32.73,3885
29.18,3886
24.54,3887
22.63,3888
20.79,3889
20.11,3890
18.92,3891
18.42,3892
18.72,3893
18.84,3894
20.53,3895
22.9,3896
25.17,3897
28.16,3898
31.22,3899
32.81,3900
34.18,3901
38.02,3902
39.33,3903
41.84,3904
41.95,3905
36.89,3906
32.52,3907
30.69,3908
28.61,3909
25.82,3910
22.18,3911
20.73,3912
20.07,3913
19.08,3914
17.66,3915
16.76,3916
16.65,3917
15.77,3918
17.6,3919
20.04,3920
21.5,3921
25.14,3922
26.71,3923
27.48,3924
30.07,3925
34.17,3926
35.02,3927
37.84,3928
41.53,3929
37.04,3930
35.34,3931
33.37,3932
29.01,3933
25.44,3934
23.73,3935
20.03,3936
19.07,3937
17.96,3938
17.36,3939
17.26,3940
18.18,3941
19.11,3942
20.98,3943
23.81,3944
26.28,3945
28.02,3946
30.38,3947
34.89,3948
36.54,3949
38.97,3950
41.6,3951
43.34,3952
45.06,3953
38.48,3954
36.19,3955
33.9,3956
29.46,3957
25.7,3958
22.44,3959
21.09,3960
19.15,3961
18.31,3962
17.63,3963
18.0,3964
18.67,3965
20.78,3966
23.23,3967
24.53,3968
26.87,3969
30.19,3970
32.84,3971
35.15,3972
35.92,3973
36.04,3974
37.02,3975
39.98,3976
39.28,3977
36.01,3978
34.28,3979
30.95,3980
28.13,3981
23.75,3982
21.56,3983
19.51,3984
18.01,3985
17.1,3986
16.63,3987
16.87,3988
17.75,3989
18.78,3990
20.98,3991
22.22,3992
23.16,3993
25.0,3994
25.71,3995
26.83,3996
28.41,3997
29.7,3998
31.06,3999
34.49,4000
35.89,4001
32.33,4002
30.62,4003
27.8,4004
26.05,4005
23.03,4006
21.43,4007
18.46,4008
17.31,4009
16.57,4010
15.98,4011
16.23,4012
17.02,4013
19.02,4014
20.48,4015
22.01,4016
22.44,4017
24.7,4018
27.06,4019
29.22,4020
31.67,4021
33.19,4022
35.23,4023
38.78,4024
40.89,4025
35.87,4026
33.84,4027
31.06,4028
28.78,4029
24.68,4030
21.47,4031
18.99,4032
17.54,4033
16.69,4034
15.98,4035
16.04,4036
16.93,4037
17.97,4038
19.14,4039
21.08,4040
23.21,4041
27.03,4042
30.82,4043
33.91,4044
37.77,4045
40.03,4046
42.4,4047
46.04,4048
48.48,4049
41.63,4050
37.3,4051
33.82,4052
33.81,4053
28.25,4054
24.35,4055
23.43,4056
21.33,4057
20.81,4058
19.42,4059
18.47,4060
18.02,4061
17.79,4062
19.04,4063
21.34,4064
22.28,4065
27.03,4066
29.8,4067
33.12,4068
35.51,4069
38.65,4070
42.54,4071
47.59,4072
51.25,4073
42.64,4074
38.31,4075
34.75,4076
32.4,4077
28.41,4078
25.67,4079
23.26,4080
21.19,4081
20.52,4082
19.54,4083
18.85,4084
18.07,4085
17.64,4086
18.34,4087
20.22,4088
22.56,4089
25.73,4090
29.5,4091
32.83,4092
34.18,4093
37.22,4094
42.91,4095
50.02,4096
57.22,4097
48.94,4098
41.67,4099
36.96,4100
33.72,4101
29.39,4102
26.59,4103
24.78,4104
21.66,4105
20.75,4106
19.71,4107
19.6,4108
20.74,4109
21.96,4110
25.67,4111
27.81,4112
29.15,4113
33.96,4114
38.23,4115
43.12,4116
44.87,4117
47.06,4118
54.06,4119
57.77,4120
54.78,4121
50.43,4122
43.3,4123
38.16,4124
34.51,4125
29.16,4126
26.05,4127
25.26,4128
22.75,4129
20.89,4130
20.39,4131
20.43,4132
20.79,4133
22.02,4134
24.29,4135
27.49,4136
27.85,4137
27.82,4138
27.61,4139
27.77,4140
27.13,4141
26.49,4142
26.43,4143
26.69,4144
27.02,4145
26.8,4146
25.24,4147
24.62,4148
23.34,4149
22.51,4150
20.2,4151
18.53,4152
17.57,4153
16.96,4154
16.34,4155
16.85,4156
17.68,4157
18.78,4158
20.19,4159
20.38,4160
21.66,4161
22.95,4162
23.11,4163
24.19,4164
24.64,4165
25.03,4166
26.04,4167
27.94,4168
29.49,4169
28.33,4170
27.58,4171
26.19,4172
24.49,4173
21.37,4174
19.39,4175
18.65,4176
17.76,4177
17.46,4178
16.95,4179
17.26,4180
17.94,4181
19.08,4182
21.01,4183
22.51,4184
23.21,4185
25.43,4186
28.91,4187
32.58,4188
33.8,4189
37.11,4190
39.39,4191
43.04,4192
46.21,4193
41.82,4194
38.88,4195
35.1,4196
32.31,4197
26.63,4198
23.07,4199
20.11,4200
18.45,4201
18.0,4202
17.58,4203
17.7,4204
18.16,4205
19.14,4206
22.04,4207
22.11,4208
23.36,4209
25.68,4210
28.22,4211
32.49,4212
34.26,4213
35.81,4214
37.08,4215
41.04,4216
43.47,4217
35.47,4218
32.55,4219
32.28,4220
30.05,4221
25.4,4222
23.65,4223
23.96,4224
21.55,4225
20.69,4226
20.45,4227
20.06,4228
20.1,4229
19.9,4230
20.29,4231
22.31,4232
25.52,4233
28.85,4234
31.67,4235
33.74,4236
37.22,4237
38.48,4238
40.23,4239
42.64,4240
47.08,4241
42.73,4242
39.66,4243
35.99,4244
34.84,4245
29.99,4246
27.52,4247
25.31,4248
23.2,4249
21.88,4250
21.44,4251
20.96,4252
21.04,4253
20.01,4254
21.2,4255
22.33,4256
25.54,4257
30.31,4258
33.98,4259
38.08,4260
40.96,4261
45.95,4262
49.55,4263
56.98,4264
66.44,4265
58.76,4266
51.12,4267
46.58,4268
43.79,4269
34.66,4270
29.63,4271
27.9,4272
25.38,4273
24.56,4274
23.11,4275
23.03,4276
24.74,4277
26.27,4278
28.47,4279
30.77,4280
36.0,4281
40.72,4282
45.75,4283
49.1,4284
53.4,4285
59.14,4286
69.09,4287
82.2,4288
89.49,4289
63.18,4290
48.61,4291
42.48,4292
39.75,4293
34.79,4294
31.24,4295
31.39,4296
27.87,4297
25.6,4298
23.85,4299
23.7,4300
25.03,4301
26.96,4302
31.03,4303
36.1,4304
42.23,4305
47.52,4306
53.69,4307
58.14,4308
66.3,4309
74.95,4310
88.08,4311
106.89,4312
108.24,4313
85.24,4314
61.82,4315
54.5,4316
48.92,4317
43.11,4318
38.17,4319
37.03,4320
31.36,4321
26.88,4322
25.88,4323
25.48,4324
26.59,4325
28.96,4326
35.6,4327
40.34,4328
44.39,4329
49.8,4330
57.81,4331
62.35,4332
68.44,4333
73.62,4334
84.38,4335
96.93,4336
93.51,4337
74.43,4338
60.66,4339
54.77,4340
50.18,4341
42.63,4342
37.03,4343
35.63,4344
30.33,4345
27.36,4346
26.24,4347
26.17,4348
27.02,4349
28.72,4350
31.71,4351
35.48,4352
38.15,4353
42.47,4354
45.64,4355
49.65,4356
51.33,4357
52.62,4358
52.29,4359
50.11,4360
46.51,4361
42.12,4362
39.62,4363
37.77,4364
34.77,4365
29.6,4366
25.69,4367
25.45,4368
23.03,4369
22.02,4370
21.25,4371
21.1,4372
22.42,4373
23.59,4374
25.6,4375
27.39,4376
29.21,4377
29.84,4378
30.89,4379
31.51,4380
32.08,4381
33.18,4382
34.45,4383
34.64,4384
34.66,4385
32.28,4386
30.99,4387
28.86,4388
28.18,4389
25.64,4390
23.07,4391
24.28,4392
22.9,4393
21.13,4394
19.97,4395
19.24,4396
19.27,4397
18.81,4398
20.34,4399
22.22,4400
25.46,4401
24.68,4402
25.95,4403
27.1,4404
30.19,4405
32.84,4406
32.69,4407
34.89,4408
36.1,4409
34.1,4410
32.99,4411
32.44,4412
31.7,4413
27.09,4414
24.19,4415
21.86,4416
20.45,4417
19.39,4418
18.96,4419
18.12,4420
18.2,4421
17.31,4422
19.25,4423
20.47,4424
23.01,4425
24.49,4426
28.49,4427
33.59,4428
36.53,4429
39.85,4430
42.02,4431
44.31,4432
49.73,4433
46.72,4434
44.46,4435
40.38,4436
37.45,4437
32.58,4438
29.43,4439
24.19,4440
22.12,4441
20.53,4442
19.42,4443
19.27,4444
18.64,4445
17.67,4446
19.63,4447
22.55,4448
25.44,4449
30.55,4450
35.86,4451
41.89,4452
44.61,4453
49.08,4454
50.99,4455
56.54,4456
62.84,4457
56.33,4458
50.86,4459
44.64,4460
41.83,4461
36.34,4462
32.11,4463
30.31,4464
26.19,4465
23.91,4466
22.8,4467
22.7,4468
23.61,4469
25.04,4470
29.1,4471
30.96,4472
38.8,4473
44.98,4474
53.1,4475
56.75,4476
66.28,4477
73.31,4478
87.29,4479
99.31,4480
101.94,4481
88.49,4482
61.54,4483
49.75,4484
45.66,4485
41.09,4486
36.01,4487
33.59,4488
29.2,4489
26.5,4490
23.97,4491
23.35,4492
24.24,4493
27.01,4494
30.44,4495
33.96,4496
38.49,4497
43.47,4498
47.98,4499
53.77,4500
59.2,4501
65.4,4502
71.39,4503
80.93,4504
78.08,4505
63.74,4506
49.88,4507
45.58,4508
42.66,4509
37.67,4510
34.62,4511
30.71,4512
26.74,4513
24.94,4514
24.05,4515
24.08,4516
24.66,4517
26.77,4518
29.53,4519
31.85,4520
35.49,4521
37.7,4522
42.51,4523
44.82,4524
47.82,4525
48.08,4526
46.04,4527
46.43,4528
45.09,4529
42.59,4530
39.38,4531
37.73,4532
35.82,4533
31.29,4534
28.97,4535
26.68,4536
23.89,4537
22.57,4538
22.16,4539
22.17,4540
22.95,4541
24.71,4542
26.28,4543
27.31,4544
29.27,4545
31.19,4546
34.74,4547
37.8,4548
41.54,4549
42.92,4550
46.13,4551
50.43,4552
49.18,4553
43.34,4554
38.31,4555
35.18,4556
32.05,4557
30.37,4558
27.67,4559
26.26,4560
23.82,4561
22.63,4562
22.17,4563
21.67,4564
21.68,4565
21.13,4566
22.42,4567
23.36,4568
24.81,4569
27.13,4570
29.98,4571
31.06,4572
33.03,4573
35.73,4574
37.81,4575
41.36,4576
42.73,4577
40.37,4578
35.42,4579
32.59,4580
30.59,4581
26.95,4582
24.38,4583
23.67,4584
21.82,4585
21.78,4586
21.32,4587
19.69,4588
18.77,4589
18.27,4590
19.24,4591
22.09,4592
25.13,4593
26.89,4594
30.09,4595
31.72,4596
35.17,4597
39.13,4598
44.38,4599
43.4,4600
49.27,4601
43.61,4602
38.71,4603
37.81,4604
35.33,4605
30.3,4606
26.39,4607
25.52,4608
23.12,4609
22.37,4610
22.12,4611
22.04,4612
22.61,4613
24.29,4614
28.59,4615
30.1,4616
35.39,4617
37.63,4618
42.5,4619
48.18,4620
50.67,4621
51.99,4622
54.41,4623
58.89,4624
57.14,4625
53.13,4626
46.6,4627
42.45,4628
39.13,4629
35.92,4630
30.53,4631
28.83,4632
25.69,4633
23.71,4634
23.0,4635
22.89,4636
23.55,4637
26.7,4638
27.59,4639
30.62,4640
33.16,4641
38.08,4642
41.61,4643
45.61,4644
45.19,4645
49.53,4646
51.93,4647
53.43,4648
54.56,4649
51.19,4650
45.45,4651
42.44,4652
39.11,4653
34.93,4654
29.86,4655
26.08,4656
24.58,4657
23.37,4658
22.77,4659
22.75,4660
23.23,4661
24.72,4662
26.33,4663
29.87,4664
33.73,4665
38.47,4666
41.08,4667
44.22,4668
47.79,4669
51.8,4670
52.12,4671
56.34,4672
58.62,4673
50.55,4674
45.62,4675
45.25,4676
39.92,4677
34.96,4678
28.01,4679
27.75,4680
25.38,4681
23.55,4682
22.82,4683
22.78,4684
23.57,4685
24.98,4686
27.12,4687
30.93,4688
35.58,4689
39.05,4690
43.51,4691
50.27,4692
51.36,4693
54.54,4694
58.88,4695
64.65,4696
70.77,4697
62.0,4698
50.92,4699
47.58,4700
43.01,4701
37.95,4702
32.94,4703
29.77,4704
26.54,4705
24.36,4706
23.52,4707
23.38,4708
24.38,4709
26.32,4710
28.36,4711
31.61,4712
36.13,4713
38.83,4714
40.9,4715
43.48,4716
46.0,4717
48.27,4718
54.11,4719
58.39,4720
57.54,4721
49.1,4722
41.35,4723
39.31,4724
38.06,4725
35.81,4726
30.9,4727
31.07,4728
29.16,4729
26.52,4730
24.71,4731
23.94,4732
23.87,4733
23.64,4734
24.72,4735
27.31,4736
30.9,4737
35.23,4738
38.21,4739
42.57,4740
44.8,4741
48.56,4742
48.29,4743
49.6,4744
47.81,4745
41.77,4746
36.97,4747
35.26,4748
33.43,4749
30.37,4750
28.46,4751
30.06,4752
26.79,4753
25.85,4754
23.99,4755
23.28,4756
22.94,4757
22.17,4758
22.93,4759
24.88,4760
27.7,4761
28.61,4762
31.87,4763
34.73,4764
39.27,4765
41.8,4766
42.34,4767
45.09,4768
48.29,4769
45.59,4770
44.07,4771
42.33,4772
36.78,4773
31.67,4774
29.45,4775
26.61,4776
24.13,4777
23.01,4778
22.47,4779
22.42,4780
23.77,4781
24.94,4782
27.75,4783
30.05,4784
33.28,4785
39.34,4786
42.99,4787
47.48,4788
48.5,4789
51.42,4790
54.29,4791
60.82,4792
64.88,4793
56.07,4794
48.46,4795
44.28,4796
41.18,4797
37.18,4798
31.32,4799
25.41,4800
23.46,4801
22.17,4802
21.57,4803
21.61,4804
22.21,4805
23.45,4806
24.65,4807
26.9,4808
32.73,4809
37.43,4810
41.77,4811
46.01,4812
49.24,4813
53.12,4814
55.72,4815
65.25,4816
69.61,4817
55.54,4818
48.8,4819
46.52,4820
41.77,4821
37.95,4822
31.15,4823
27.37,4824
24.9,4825
23.74,4826
22.89,4827
22.31,4828
23.21,4829
24.24,4830
25.39,4831
27.0,4832
32.33,4833
35.14,4834
39.18,4835
42.4,4836
45.03,4837
48.45,4838
51.2,4839
54.57,4840
53.83,4841
47.82,4842
43.44,4843
40.56,4844
36.98,4845
31.24,4846
27.1,4847
25.57,4848
24.5,4849
23.07,4850
22.12,4851
21.98,4852
23.26,4853
24.86,4854
25.36,4855
26.37,4856
29.69,4857
31.78,4858
36.51,4859
39.5,4860
42.96,4861
45.42,4862
49.71,4863
57.12,4864
56.49,4865
49.65,4866
42.83,4867
40.73,4868
37.05,4869
30.71,4870
28.4,4871
26.89,4872
25.54,4873
23.51,4874
22.51,4875
22.41,4876
23.93,4877
26.19,4878
26.24,4879
27.93,4880
31.07,4881
34.2,4882
37.44,4883
39.79,4884
42.48,4885
45.65,4886
49.91,4887
54.85,4888
55.64,4889
47.7,4890
43.53,4891
41.61,4892
38.11,4893
32.93,4894
30.46,4895
27.16,4896
25.73,4897
23.97,4898
22.92,4899
21.93,4900
21.79,4901
21.3,4902
23.33,4903
24.89,4904
26.92,4905
32.48,4906
36.9,4907
40.64,4908
42.79,4909
46.48,4910
51.33,4911
54.66,4912
57.89,4913
53.17,4914
47.09,4915
42.85,4916
39.87,4917
35.06,4918
31.2,4919
28.15,4920
26.06,4921
24.47,4922
24.07,4923
23.18,4924
22.45,4925
21.4,4926
22.26,4927
24.81,4928
27.85,4929
33.45,4930
36.91,4931
41.95,4932
44.18,4933
47.82,4934
51.49,4935
57.33,4936
57.69,4937
56.75,4938
48.27,4939
48.13,4940
43.13,4941
37.71,4942
32.63,4943
30.71,4944
27.53,4945
24.96,4946
24.23,4947
24.23,4948
25.0,4949
27.95,4950
29.74,4951
34.01,4952
38.99,4953
41.9,4954
44.95,4955
49.37,4956
56.03,4957
58.36,4958
61.42,4959
72.42,4960
73.56,4961
60.86,4962
53.32,4963
47.7,4964
41.49,4965
37.67,4966
32.78,4967
31.83,4968
28.57,4969
25.86,4970
24.38,4971
24.07,4972
24.66,4973
26.83,4974
28.95,4975
31.81,4976
38.29,4977
42.9,4978
48.89,4979
54.72,4980
59.31,4981
62.86,4982
72.68,4983
83.5,4984
84.83,4985
67.6,4986
56.07,4987
52.01,4988
45.7,4989
42.48,4990
37.47,4991
32.93,4992
28.59,4993
26.64,4994
25.45,4995
24.86,4996
25.96,4997
27.63,4998
29.42,4999
32.35,5000
37.7,5001
40.21,5002
44.99,5003
51.22,5004
55.45,5005
57.4,5006
63.48,5007
74.9,5008
68.44,5009
58.6,5010
52.25,5011
47.18,5012
41.75,5013
37.2,5014
32.47,5015
30.98,5016
26.83,5017
24.57,5018
23.66,5019
23.37,5020
24.0,5021
25.96,5022
27.49,5023
30.11,5024
33.1,5025
37.49,5026
41.47,5027
45.32,5028
47.29,5029
51.03,5030
54.3,5031
57.69,5032
56.16,5033
48.24,5034
44.64,5035
41.53,5036
37.43,5037
32.58,5038
29.49,5039
30.92,5040
27.13,5041
24.87,5042
23.86,5043
23.93,5044
24.81,5045
26.78,5046
29.96,5047
31.47,5048
33.59,5049
36.85,5050
40.43,5051
42.58,5052
44.17,5053
46.32,5054
47.75,5055
51.49,5056
47.44,5057
43.88,5058
40.71,5059
38.29,5060
33.65,5061
29.24,5062
26.17,5063
27.99,5064
25.42,5065
23.9,5066
22.78,5067
22.34,5068
21.62,5069
21.2,5070
22.75,5071
24.44,5072
25.47,5073
27.38,5074
29.52,5075
30.66,5076
35.01,5077
37.86,5078
39.67,5079
44.22,5080
47.69,5081
44.12,5082
40.34,5083
38.01,5084
34.08,5085
28.73,5086
27.03,5087
25.65,5088
24.62,5089
23.46,5090
22.64,5091
21.83,5092
20.92,5093
20.31,5094
20.95,5095
24.16,5096
25.75,5097
26.82,5098
29.17,5099
31.81,5100
35.85,5101
36.33,5102
37.89,5103
39.25,5104
40.24,5105
40.18,5106
38.32,5107
39.22,5108
36.27,5109
29.78,5110
27.68,5111
25.47,5112
23.87,5113
23.26,5114
22.3,5115
22.58,5116
23.73,5117
25.77,5118
26.04,5119
28.75,5120
30.26,5121
35.1,5122
36.96,5123
38.72,5124
45.84,5125
47.8,5126
50.83,5127
52.61,5128
57.0,5129
52.11,5130
46.79,5131
43.71,5132
37.65,5133
31.29,5134
29.12,5135
24.45,5136
23.42,5137
22.07,5138
21.41,5139
21.35,5140
22.82,5141
23.64,5142
25.72,5143
26.06,5144
28.44,5145
31.42,5146
34.15,5147
38.72,5148
43.97,5149
46.18,5150
49.37,5151
53.31,5152
54.75,5153
50.2,5154
45.27,5155
42.65,5156
35.77,5157
31.52,5158
26.93,5159
26.26,5160
24.28,5161
23.58,5162
22.72,5163
22.82,5164
23.91,5165
24.93,5166
25.95,5167
28.51,5168
30.7,5169
34.09,5170
38.6,5171
41.31,5172
44.85,5173
50.36,5174
52.85,5175
56.54,5176
57.35,5177
51.98,5178
48.68,5179
44.44,5180
40.48,5181
34.5,5182
30.2,5183
30.27,5184
27.06,5185
25.08,5186
24.4,5187
24.5,5188
25.78,5189
27.31,5190
29.32,5191
30.99,5192
34.43,5193
39.57,5194
45.02,5195
49.73,5196
51.87,5197
56.99,5198
62.04,5199
69.06,5200
69.52,5201
61.98,5202
54.98,5203
49.39,5204
45.54,5205
40.24,5206
36.55,5207
33.16,5208
28.85,5209
26.81,5210
25.58,5211
25.69,5212
26.68,5213
28.83,5214
30.77,5215
33.53,5216
39.15,5217
43.42,5218
48.21,5219
48.92,5220
54.19,5221
60.42,5222
67.81,5223
74.54,5224
72.61,5225
64.2,5226
57.65,5227
52.24,5228
47.19,5229
40.75,5230
37.38,5231
31.98,5232
28.7,5233
27.19,5234
26.14,5235
25.5,5236
25.78,5237
25.94,5238
26.61,5239
27.8,5240
32.01,5241
36.96,5242
41.87,5243
44.01,5244
45.47,5245
48.07,5246
52.64,5247
58.38,5248
59.26,5249
52.24,5250
45.83,5251
44.97,5252
39.66,5253
33.98,5254
30.81,5255
27.5,5256
26.26,5257
25.84,5258
25.13,5259
24.72,5260
24.85,5261
24.25,5262
24.99,5263
26.05,5264
27.47,5265
31.44,5266
37.31,5267
40.53,5268
44.98,5269
48.61,5270
54.6,5271
62.95,5272
65.91,5273
61.1,5274
50.39,5275
47.26,5276
41.76,5277
38.34,5278
32.02,5279
28.57,5280
27.01,5281
25.02,5282
24.62,5283
24.69,5284
26.03,5285
27.02,5286
28.56,5287
31.26,5288
34.65,5289
39.69,5290
45.61,5291
49.33,5292
57.64,5293
59.25,5294
67.15,5295
70.53,5296
73.88,5297
63.98,5298
51.93,5299
46.66,5300
40.9,5301
38.44,5302
33.18,5303
30.31,5304
27.77,5305
26.4,5306
25.31,5307
25.3,5308
26.4,5309
28.04,5310
29.61,5311
32.12,5312
37.03,5313
40.5,5314
45.82,5315
52.84,5316
57.58,5317
64.12,5318
67.85,5319
76.38,5320
76.95,5321
63.73,5322
53.23,5323
49.45,5324
42.46,5325
40.24,5326
35.03,5327
33.24,5328
31.67,5329
28.93,5330
27.22,5331
27.27,5332
29.38,5333
31.73,5334
32.29,5335
34.72,5336
38.28,5337
41.86,5338
47.59,5339
54.59,5340
59.48,5341
67.89,5342
76.14,5343
88.67,5344
85.31,5345
71.95,5346
59.52,5347
51.16,5348
44.31,5349
41.37,5350
37.56,5351
34.54,5352
31.59,5353
27.97,5354
26.88,5355
26.79,5356
28.01,5357
30.74,5358
32.87,5359
34.46,5360
39.56,5361
46.01,5362
49.95,5363
55.98,5364
65.2,5365
81.31,5366
99.3,5367
112.17,5368
105.57,5369
87.71,5370
60.23,5371
52.73,5372
49.57,5373
43.72,5374
39.04,5375
34.77,5376
32.81,5377
29.77,5378
28.19,5379
27.65,5380
29.41,5381
30.92,5382
33.08,5383
36.34,5384
39.68,5385
42.55,5386
48.73,5387
52.83,5388
60.02,5389
69.63,5390
83.19,5391
84.83,5392
70.9,5393
60.66,5394
48.6,5395
43.7,5396
40.66,5397
37.56,5398
33.48,5399
33.49,5400
31.09,5401
28.72,5402
27.08,5403
26.05,5404
25.85,5405
25.59,5406
25.97,5407
28.09,5408
31.65,5409
34.79,5410
39.76,5411
42.09,5412
42.95,5413
46.13,5414
48.74,5415
53.99,5416
49.09,5417
42.71,5418
37.93,5419
36.79,5420
33.63,5421
31.07,5422
27.88,5423
27.22,5424
25.31,5425
24.63,5426
24.29,5427
23.58,5428
23.6,5429
22.95,5430
23.55,5431
24.37,5432
25.55,5433
26.61,5434
29.15,5435
31.6,5436
32.5,5437
34.01,5438
34.62,5439
36.89,5440
38.93,5441
36.6,5442
35.15,5443
34.83,5444
32.56,5445
27.76,5446
26.51,5447
26.16,5448
25.16,5449
24.44,5450
24.08,5451
24.26,5452
25.19,5453
26.48,5454
29.09,5455
30.84,5456
33.01,5457
35.04,5458
36.41,5459
38.08,5460
40.86,5461
42.74,5462
44.41,5463
47.98,5464
47.98,5465
42.45,5466
42.09,5467
41.25,5468
36.29,5469
33.0,5470
28.87,5471
29.8,5472
27.32,5473
25.56,5474
24.97,5475
25.0,5476
26.42,5477
29.35,5478
30.86,5479
31.76,5480
34.21,5481
37.04,5482
40.78,5483
42.75,5484
47.99,5485
48.09,5486
52.63,5487
60.77,5488
57.02,5489
48.73,5490
47.03,5491
46.57,5492
38.86,5493
36.14,5494
33.1,5495
32.35,5496
29.19,5497
26.8,5498
25.89,5499
26.13,5500
27.95,5501
31.86,5502
33.45,5503
34.47,5504
37.36,5505
39.38,5506
40.9,5507
43.93,5508
48.11,5509
50.33,5510
54.49,5511
62.26,5512
61.64,5513
51.74,5514
46.73,5515
44.85,5516
38.5,5517
36.35,5518
32.91,5519
32.81,5520
30.32,5521
27.57,5522
26.69,5523
26.7,5524
28.71,5525
32.36,5526
34.72,5527
35.97,5528
38.81,5529
41.5,5530
45.46,5531
48.53,5532
61.92,5533
62.22,5534
65.62,5535
76.08,5536
68.13,5537
58.13,5538
51.95,5539
47.48,5540
43.51,5541
38.05,5542
34.58,5543
35.35,5544
32.64,5545
29.48,5546
27.78,5547
27.79,5548
30.44,5549
32.88,5550
34.73,5551
36.46,5552
39.18,5553
40.99,5554
45.92,5555
49.75,5556
52.79,5557
54.69,5558
60.26,5559
65.14,5560
61.87,5561
55.53,5562
51.99,5563
45.15,5564
39.21,5565
36.66,5566
34.0,5567
32.45,5568
28.66,5569
26.69,5570
25.35,5571
24.78,5572
24.87,5573
24.99,5574
26.3,5575
29.43,5576
33.36,5577
37.17,5578
39.46,5579
43.41,5580
47.14,5581
48.73,5582
52.87,5583
62.16,5584
61.11,5585
51.92,5586
45.7,5587
43.09,5588
39.68,5589
36.16,5590
33.77,5591
31.62,5592
28.72,5593
26.99,5594
25.83,5595
25.27,5596
25.07,5597
24.87,5598
25.13,5599
26.95,5600
30.12,5601
36.0,5602
38.22,5603
42.09,5604
46.92,5605
50.11,5606
57.37,5607
63.4,5608
63.52,5609
56.65,5610
47.45,5611
46.8,5612
40.68,5613
36.33,5614
31.73,5615
28.59,5616
26.45,5617
25.32,5618
24.78,5619
24.91,5620
25.98,5621
28.74,5622
31.76,5623
34.7,5624
38.55,5625
42.44,5626
48.91,5627
55.51,5628
60.5,5629
63.68,5630
77.46,5631
83.04,5632
83.28,5633
71.07,5634
58.34,5635
55.04,5636
46.39,5637
40.21,5638
34.89,5639
32.45,5640
30.0,5641
26.67,5642
25.59,5643
25.48,5644
26.55,5645
30.66,5646
32.04,5647
35.29,5648
39.48,5649
42.91,5650
50.27,5651
56.7,5652
60.46,5653
66.88,5654
82.63,5655
94.03,5656
91.63,5657
75.87,5658
58.32,5659
55.32,5660
45.89,5661
41.42,5662
35.81,5663
35.77,5664
32.29,5665
29.36,5666
27.34,5667
27.1,5668
28.85,5669
32.38,5670
36.29,5671
39.22,5672
45.47,5673
53.06,5674
59.7,5675
68.85,5676
86.17,5677
103.44,5678
129.0,5679
141.63,5680
138.0,5681
114.53,5682
73.05,5683
62.27,5684
51.16,5685
46.47,5686
39.16,5687
37.52,5688
32.54,5689
29.43,5690
27.42,5691
27.23,5692
29.07,5693
32.45,5694
34.67,5695
38.19,5696
42.56,5697
48.07,5698
59.89,5699
62.29,5700
73.66,5701
82.58,5702
98.35,5703
110.76,5704
102.85,5705
78.17,5706
57.74,5707
51.54,5708
47.95,5709
41.82,5710
39.25,5711
35.16,5712
31.67,5713
29.57,5714
27.8,5715
27.73,5716
29.56,5717
32.65,5718
34.39,5719
38.42,5720
41.12,5721
43.94,5722
49.25,5723
53.82,5724
60.48,5725
66.61,5726
80.35,5727
90.98,5728
82.45,5729
60.7,5730
50.24,5731
46.94,5732
42.86,5733
39.33,5734
35.13,5735
37.4,5736
33.48,5737
30.85,5738
28.51,5739
27.22,5740
27.2,5741
27.18,5742
27.91,5743
32.08,5744
36.98,5745
43.0,5746
46.21,5747
47.84,5748
53.04,5749
57.82,5750
62.97,5751
68.95,5752
65.25,5753
58.11,5754
50.11,5755
47.05,5756
42.16,5757
39.29,5758
34.34,5759
33.6,5760
31.36,5761
29.5,5762
27.95,5763
27.27,5764
27.0,5765
26.89,5766
27.19,5767
29.51,5768
32.89,5769
37.12,5770
42.74,5771
46.46,5772
50.1,5773
55.0,5774
55.94,5775
65.86,5776
62.35,5777
56.65,5778
50.42,5779
48.64,5780
42.98,5781
39.78,5782
35.34,5783
35.05,5784
32.24,5785
29.98,5786
28.77,5787
28.75,5788
31.3,5789
34.89,5790
38.01,5791
41.77,5792
45.65,5793
51.88,5794
57.42,5795
61.98,5796
66.66,5797
73.11,5798
83.41,5799
85.56,5800
81.45,5801
65.96,5802
59.48,5803
59.84,5804
49.23,5805
43.67,5806
38.85,5807
34.48,5808
31.81,5809
29.1,5810
27.96,5811
28.11,5812
30.52,5813
33.76,5814
35.54,5815
37.01,5816
40.99,5817
43.08,5818
44.76,5819
49.6,5820
54.37,5821
54.09,5822
60.48,5823
65.39,5824
62.06,5825
53.01,5826
49.86,5827
46.32,5828
39.92,5829
36.72,5830
32.58,5831
29.77,5832
28.08,5833
27.26,5834
26.77,5835
26.9,5836
28.31,5837
31.33,5838
33.28,5839
34.61,5840
36.47,5841
37.44,5842
39.41,5843
39.02,5844
39.78,5845
39.74,5846
40.11,5847
42.68,5848
43.82,5849
38.3,5850
39.16,5851
36.94,5852
32.08,5853
30.84,5854
27.79,5855
28.5,5856
26.75,5857
26.03,5858
25.41,5859
25.45,5860
26.76,5861
30.1,5862
30.67,5863
29.66,5864
31.21,5865
32.5,5866
34.37,5867
35.69,5868
37.67,5869
40.12,5870
43.39,5871
46.48,5872
46.18,5873
42.07,5874
41.6,5875
36.86,5876
33.22,5877
31.34,5878
28.43,5879
28.01,5880
27.29,5881
26.4,5882
25.73,5883
26.05,5884
27.45,5885
29.65,5886
33.13,5887
32.81,5888
32.47,5889
32.6,5890
34.24,5891
34.99,5892
37.05,5893
37.1,5894
40.14,5895
40.88,5896
41.04,5897
39.69,5898
39.14,5899
35.1,5900
32.68,5901
31.06,5902
29.03,5903
27.95,5904
26.62,5905
26.21,5906
25.83,5907
25.76,5908
25.88,5909
26.39,5910
26.5,5911
27.16,5912
28.0,5913
28.37,5914
29.28,5915
31.41,5916
32.29,5917
35.21,5918
37.11,5919
39.27,5920
43.97,5921
40.34,5922
39.19,5923
36.67,5924
34.12,5925
30.51,5926
29.31,5927
28.41,5928
26.95,5929
26.35,5930
25.64,5931
25.11,5932
25.14,5933
24.61,5934
25.07,5935
26.47,5936
26.82,5937
29.37,5938
31.08,5939
32.36,5940
34.29,5941
36.1,5942
38.57,5943
40.68,5944
42.19,5945
40.76,5946
42.46,5947
40.48,5948
34.45,5949
32.61,5950
30.68,5951
27.43,5952
25.5,5953
25.09,5954
24.11,5955
23.17,5956
23.5,5957
24.26,5958
24.84,5959
26.12,5960
27.07,5961
29.17,5962
32.08,5963
34.19,5964
37.06,5965
41.37,5966
44.36,5967
47.51,5968
52.53,5969
45.98,5970
45.39,5971
43.97,5972
34.32,5973
34.08,5974
29.9,5975
29.38,5976
26.56,5977
25.88,5978
24.68,5979
24.25,5980
26.64,5981
29.36,5982
30.04,5983
31.7,5984
32.78,5985
34.64,5986
38.35,5987
43.74,5988
49.12,5989
53.53,5990
58.07,5991
69.79,5992
73.72,5993
56.63,5994
53.54,5995
48.35,5996
37.23,5997
34.49,5998
31.93,5999
30.44,6000
27.33,6001
25.65,6002
24.89,6003
25.07,6004
27.05,6005
31.15,6006
32.31,6007
33.75,6008
34.33,6009
39.03,6010
43.06,6011
45.74,6012
48.16,6013
51.47,6014
54.88,6015
59.83,6016
56.6,6017
50.31,6018
49.84,6019
47.02,6020
37.88,6021
34.05,6022
32.06,6023
33.27,6024
30.93,6025
28.86,6026
28.04,6027
28.2,6028
29.99,6029
34.53,6030
37.39,6031
39.0,6032
39.29,6033
40.75,6034
43.1,6035
45.46,6036
47.96,6037
48.15,6038
48.74,6039
51.27,6040
51.21,6041
48.12,6042
48.71,6043
44.76,6044
36.53,6045
34.71,6046
31.65,6047
30.97,6048
28.32,6049
27.41,6050
26.85,6051
27.0,6052
28.13,6053
32.46,6054
33.53,6055
34.26,6056
33.89,6057
33.93,6058
34.73,6059
36.73,6060
39.03,6061
42.72,6062
45.95,6063
49.55,6064
49.86,6065
45.12,6066
44.88,6067
39.46,6068
34.28,6069
33.7,6070
30.65,6071
31.03,6072
29.12,6073
27.49,6074
27.01,6075
26.46,6076
26.96,6077
27.7,6078
29.12,6079
30.1,6080
32.65,6081
34.85,6082
35.89,6083
38.93,6084
41.88,6085
45.73,6086
52.04,6087
55.29,6088
57.92,6089
54.47,6090
52.23,6091
47.36,6092
40.27,6093
36.54,6094
34.52,6095
33.5,6096
30.63,6097
29.73,6098
29.29,6099
28.78,6100
28.7,6101
28.12,6102
28.95,6103
29.94,6104
31.93,6105
33.57,6106
39.13,6107
45.38,6108
53.54,6109
60.12,6110
67.86,6111
76.21,6112
83.28,6113
75.4,6114
67.6,6115
59.69,6116
49.9,6117
44.96,6118
40.12,6119
37.02,6120
32.64,6121
31.63,6122
30.56,6123
31.18,6124
32.63,6125
39.5,6126
40.99,6127
44.45,6128
50.84,6129
58.67,6130
68.32,6131
74.3,6132
78.37,6133
93.45,6134
106.8,6135
124.32,6136
125.0,6137
98.84,6138
75.8,6139
66.93,6140
60.04,6141
54.04,6142
42.71,6143
39.74,6144
34.42,6145
31.77,6146
30.28,6147
30.46,6148
32.35,6149
38.56,6150
39.68,6151
42.78,6152
46.2,6153
52.4,6154
58.06,6155
60.91,6156
65.69,6157
76.87,6158
92.42,6159
107.44,6160
103.86,6161
81.24,6162
66.15,6163
61.62,6164
59.28,6165
51.28,6166
46.17,6167
45.62,6168
41.44,6169
36.96,6170
35.63,6171
35.58,6172
41.09,6173
48.76,6174
50.94,6175
51.22,6176
55.75,6177
62.47,6178
68.0,6179
68.82,6180
74.09,6181
81.24,6182
87.47,6183
97.17,6184
92.81,6185
74.64,6186
66.15,6187
64.88,6188
61.45,6189
50.37,6190
46.06,6191
46.49,6192
39.09,6193
36.78,6194
34.69,6195
35.13,6196
39.84,6197
48.95,6198
51.44,6199
52.45,6200
55.76,6201
62.2,6202
68.4,6203
65.76,6204
72.34,6205
72.68,6206
72.87,6207
80.08,6208
79.24,6209
69.73,6210
69.78,6211
69.29,6212
57.6,6213
50.67,6214
43.46,6215
43.74,6216
36.96,6217
35.67,6218
35.06,6219
35.26,6220
39.72,6221
48.7,6222
52.83,6223
55.07,6224
59.18,6225
59.98,6226
64.28,6227
68.12,6228
73.45,6229
77.21,6230
83.56,6231
91.92,6232
89.67,6233
76.7,6234
70.58,6235
66.82,6236
57.69,6237
54.86,6238
48.63,6239
47.75,6240
42.62,6241
39.4,6242
37.48,6243
35.8,6244
35.59,6245
36.57,6246
40.41,6247
45.17,6248
49.8,6249
51.18,6250
56.9,6251
60.1,6252
63.42,6253
72.88,6254
78.98,6255
90.49,6256
89.08,6257
76.48,6258
63.99,6259
62.34,6260
52.66,6261
49.43,6262
44.97,6263
42.96,6264
37.34,6265
34.61,6266
33.65,6267
32.92,6268
32.89,6269
32.78,6270
33.33,6271
35.05,6272
37.41,6273
40.77,6274
45.59,6275
52.16,6276
57.99,6277
65.17,6278
70.19,6279
81.16,6280
85.65,6281
65.26,6282
57.71,6283
58.35,6284
50.8,6285
44.56,6286
39.51,6287
39.73,6288
34.03,6289
33.03,6290
32.52,6291
32.88,6292
34.35,6293
42.37,6294
42.48,6295
45.02,6296
47.47,6297
49.78,6298
54.31,6299
58.26,6300
62.5,6301
64.57,6302
68.06,6303
76.1,6304
74.8,6305
63.79,6306
60.12,6307
56.71,6308
48.1,6309
43.47,6310
36.38,6311
34.25,6312
32.92,6313
32.19,6314
31.87,6315
32.12,6316
33.63,6317
41.58,6318
41.21,6319
41.67,6320
43.66,6321
45.25,6322
49.33,6323
51.16,6324
53.33,6325
54.5,6326
56.04,6327
60.8,6328
58.6,6329
55.22,6330
55.05,6331
51.73,6332
44.22,6333
38.41,6334
35.57,6335
35.18,6336
33.49,6337
32.16,6338
31.32,6339
32.36,6340
34.62,6341
40.3,6342
41.8,6343
41.02,6344
43.95,6345
45.39,6346
46.44,6347
48.16,6348
49.86,6349
50.09,6350
50.64,6351
53.75,6352
51.96,6353
51.05,6354
56.94,6355
48.4,6356
42.08,6357
37.0,6358
35.47,6359
32.62,6360
30.21,6361
27.84,6362
27.18,6363
27.69,6364
31.03,6365
39.82,6366
40.29,6367
40.23,6368
42.51,6369
42.97,6370
43.58,6371
46.63,6372
44.75,6373
44.63,6374
44.78,6375
45.48,6376
46.12,6377
46.37,6378
51.98,6379
45.86,6380
37.49,6381
35.15,6382
32.77,6383
30.4,6384
28.71,6385
27.79,6386
27.62,6387
28.13,6388
30.23,6389
36.92,6390
37.96,6391
35.29,6392
36.4,6393
35.82,6394
36.41,6395
36.39,6396
36.95,6397
38.13,6398
40.26,6399
42.56,6400
42.63,6401
42.65,6402
41.92,6403
38.67,6404
35.71,6405
32.06,6406
29.94,6407
31.49,6408
29.97,6409
28.71,6410
28.1,6411
28.52,6412
29.29,6413
30.66,6414
31.48,6415
32.27,6416
34.28,6417
34.2,6418
35.53,6419
34.33,6420
34.06,6421
34.18,6422
36.17,6423
38.47,6424
41.76,6425
41.94,6426
43.69,6427
40.55,6428
34.18,6429
32.43,6430
31.05,6431
30.94,6432
29.5,6433
28.18,6434
27.01,6435
26.58,6436
27.52,6437
28.75,6438
29.08,6439
30.02,6440
31.04,6441
31.89,6442
33.35,6443
32.57,6444
33.22,6445
32.93,6446
33.93,6447
37.92,6448
42.84,6449
44.58,6450
47.54,6451
42.58,6452
34.95,6453
32.31,6454
30.13,6455
29.36,6456
27.53,6457
26.44,6458
26.45,6459
27.58,6460
30.74,6461
35.59,6462
37.33,6463
37.03,6464
40.31,6465
40.85,6466
44.97,6467
49.37,6468
52.0,6469
54.19,6470
59.42,6471
63.6,6472
66.67,6473
63.15,6474
67.34,6475
58.04,6476
50.99,6477
45.18,6478
35.99,6479
35.85,6480
31.59,6481
30.14,6482
29.81,6483
30.2,6484
32.99,6485
42.44,6486
42.97,6487
43.51,6488
45.45,6489
50.25,6490
53.49,6491
58.94,6492
64.71,6493
67.24,6494
73.2,6495
80.92,6496
80.82,6497
72.28,6498
69.93,6499
61.32,6500
51.63,6501
43.59,6502
40.05,6503
41.47,6504
36.13,6505
34.12,6506
32.91,6507
33.81,6508
39.66,6509
46.62,6510
49.14,6511
46.58,6512
49.92,6513
53.2,6514
54.2,6515
57.6,6516
64.04,6517
67.28,6518
64.89,6519
75.54,6520
76.85,6521
70.8,6522
67.57,6523
60.46,6524
52.47,6525
43.43,6526
38.59,6527
37.12,6528
36.12,6529
34.84,6530
34.32,6531
35.42,6532
39.19,6533
46.73,6534
51.06,6535
51.22,6536
51.72,6537
52.19,6538
53.35,6539
56.23,6540
58.54,6541
61.34,6542
61.98,6543
68.3,6544
73.07,6545
64.61,6546
63.04,6547
56.68,6548
51.3,6549
43.3,6550
37.31,6551
36.53,6552
34.26,6553
33.39,6554
33.21,6555
33.65,6556
35.44,6557
45.97,6558
50.18,6559
49.02,6560
48.39,6561
46.79,6562
49.89,6563
55.08,6564
54.41,6565
58.12,6566
60.43,6567
64.12,6568
68.19,6569
61.66,6570
59.85,6571
51.79,6572
45.6,6573
43.62,6574
38.36,6575
41.73,6576
37.7,6577
35.78,6578
34.42,6579
34.61,6580
35.73,6581
37.58,6582
42.06,6583
42.18,6584
45.3,6585
42.3,6586
43.91,6587
48.06,6588
53.65,6589
57.73,6590
61.03,6591
65.24,6592
73.49,6593
66.44,6594
63.74,6595
56.28,6596
49.3,6597
44.57,6598
40.3,6599
40.59,6600
37.42,6601
34.83,6602
32.47,6603
32.08,6604
32.81,6605
34.01,6606
38.18,6607
39.04,6608
40.85,6609
43.16,6610
47.63,6611
52.51,6612
59.18,6613
63.04,6614
70.29,6615
74.2,6616
80.36,6617
78.14,6618
78.64,6619
65.41,6620
56.1,6621
49.84,6622
43.4,6623
42.93,6624
40.12,6625
35.74,6626
34.9,6627
37.41,6628
42.68,6629
57.77,6630
67.3,6631
65.02,6632
69.49,6633
72.28,6634
79.35,6635
76.18,6636
84.51,6637
89.49,6638
90.35,6639
97.02,6640
104.01,6641
89.99,6642
91.09,6643
73.24,6644
66.78,6645
57.47,6646
49.29,6647
50.61,6648
48.76,6649
43.03,6650
41.41,6651
42.86,6652
52.84,6653
61.28,6654
61.5,6655
61.82,6656
64.82,6657
67.85,6658
69.39,6659
71.39,6660
77.67,6661
86.59,6662
90.58,6663
91.45,6664
96.74,6665
89.39,6666
85.73,6667
74.29,6668
65.88,6669
58.56,6670
52.7,6671
47.38,6672
43.49,6673
38.38,6674
37.28,6675
38.44,6676
45.34,6677
59.06,6678
59.46,6679
58.56,6680
62.74,6681
67.28,6682
69.12,6683
74.02,6684
76.79,6685
77.81,6686
82.46,6687
90.84,6688
94.75,6689
87.01,6690
92.99,6691
72.79,6692
66.41,6693
56.8,6694
53.69,6695
51.75,6696
46.19,6697
42.2,6698
40.72,6699
42.96,6700
51.84,6701
65.09,6702
66.85,6703
63.47,6704
69.05,6705
71.66,6706
73.44,6707
79.11,6708
83.26,6709
85.27,6710
83.13,6711
91.61,6712
93.99,6713
84.57,6714
91.83,6715
74.85,6716
67.14,6717
58.41,6718
54.55,6719
46.76,6720
43.64,6721
40.8,6722
39.02,6723
40.45,6724
47.65,6725
56.61,6726
66.09,6727
62.22,6728
65.35,6729
66.67,6730
67.22,6731
71.75,6732
71.38,6733
72.49,6734
76.98,6735
78.78,6736
85.66,6737
76.6,6738
75.12,6739
66.74,6740
60.5,6741
56.35,6742
51.9,6743
49.27,6744
47.19,6745
41.11,6746
38.7,6747
38.81,6748
39.67,6749
42.41,6750
47.08,6751
49.63,6752
55.56,6753
55.55,6754
59.74,6755
59.2,6756
58.16,6757
59.94,6758
60.16,6759
64.02,6760
67.84,6761
65.77,6762
67.92,6763
60.24,6764
49.22,6765
45.61,6766
40.43,6767
39.85,6768
36.36,6769
35.43,6770
33.0,6771
32.87,6772
32.47,6773
35.27,6774
37.74,6775
39.14,6776
44.83,6777
49.06,6778
54.43,6779
57.56,6780
59.94,6781
65.72,6782
70.69,6783
71.86,6784
76.83,6785
79.68,6786
77.81,6787
69.58,6788
58.55,6789
48.08,6790
43.39,6791
36.96,6792
34.41,6793
32.15,6794
31.9,6795
33.69,6796
37.65,6797
45.28,6798
49.46,6799
51.76,6800
52.72,6801
56.56,6802
60.24,6803
61.89,6804
64.95,6805
69.32,6806
74.58,6807
79.54,6808
84.12,6809
81.57,6810
79.71,6811
69.77,6812
57.15,6813
48.43,6814
42.49,6815
36.47,6816
35.44,6817
33.47,6818
32.78,6819
34.89,6820
39.44,6821
51.06,6822
52.31,6823
52.14,6824
55.3,6825
62.1,6826
62.4,6827
64.45,6828
65.1,6829
70.72,6830
70.42,6831
74.42,6832
78.7,6833
82.9,6834
86.62,6835
71.44,6836
59.83,6837
50.33,6838
44.11,6839
44.29,6840
42.25,6841
36.58,6842
35.66,6843
38.91,6844
43.61,6845
53.72,6846
56.55,6847
53.3,6848
55.03,6849
59.36,6850
61.74,6851
64.93,6852
66.72,6853
68.32,6854
72.48,6855
74.53,6856
79.22,6857
79.93,6858
78.9,6859
66.32,6860
57.3,6861
50.36,6862
45.28,6863
42.26,6864
40.1,6865
35.77,6866
35.04,6867
38.49,6868
44.52,6869
57.13,6870
59.84,6871
57.79,6872
58.2,6873
62.52,6874
64.92,6875
69.62,6876
71.25,6877
76.57,6878
80.36,6879
86.93,6880
93.13,6881
90.34,6882
92.11,6883
74.89,6884
65.99,6885
60.17,6886
50.29,6887
50.18,6888
45.1,6889
40.32,6890
39.33,6891
42.14,6892
47.37,6893
59.92,6894
70.01,6895
66.17,6896
69.44,6897
72.04,6898
76.68,6899
76.77,6900
84.03,6901
89.18,6902
90.58,6903
98.81,6904
98.68,6905
89.59,6906
86.27,6907
71.83,6908
66.34,6909
62.34,6910
49.46,6911
49.28,6912
46.94,6913
42.42,6914
38.94,6915
39.07,6916
40.93,6917
44.4,6918
47.97,6919
49.07,6920
52.7,6921
54.96,6922
53.56,6923
53.22,6924
52.87,6925
51.53,6926
50.51,6927
51.59,6928
53.21,6929
55.48,6930
58.66,6931
53.46,6932
46.45,6933
39.76,6934
37.81,6935
36.82,6936
35.04,6937
33.68,6938
32.44,6939
32.4,6940
33.43,6941
34.44,6942
37.02,6943
38.75,6944
39.08,6945
40.94,6946
41.97,6947
41.31,6948
40.52,6949
39.01,6950
39.1,6951
41.54,6952
47.52,6953
58.19,6954
66.56,6955
55.24,6956
49.92,6957
41.99,6958
38.82,6959
37.19,6960
35.75,6961
35.77,6962
35.95,6963
39.55,6964
51.49,6965
72.48,6966
71.26,6967
71.77,6968
68.57,6969
65.19,6970
65.38,6971
63.29,6972
60.04,6973
60.96,6974
57.97,6975
62.44,6976
65.47,6977
75.67,6978
79.7,6979
67.23,6980
59.68,6981
53.98,6982
47.49,6983
39.26,6984
35.41,6985
34.67,6986
34.53,6987
35.36,6988
43.78,6989
66.72,6990
70.87,6991
62.31,6992
59.54,6993
54.95,6994
56.25,6995
52.27,6996
50.38,6997
52.18,6998
50.6,6999
57.15,7000
59.6,7001
65.47,7002
67.91,7003
58.73,7004
48.31,7005
44.9,7006
40.36,7007
37.09,7008
33.87,7009
32.95,7010
32.71,7011
33.64,7012
40.0,7013
56.69,7014
62.12,7015
55.25,7016
50.33,7017
53.58,7018
54.39,7019
53.83,7020
54.44,7021
55.27,7022
55.11,7023
56.59,7024
63.78,7025
65.25,7026
67.25,7027
53.58,7028
47.08,7029
41.27,7030
36.76,7031
31.08,7032
29.98,7033
28.72,7034
28.8,7035
30.15,7036
34.53,7037
46.16,7038
50.92,7039
48.34,7040
46.05,7041
46.61,7042
49.47,7043
51.96,7044
53.07,7045
54.27,7046
54.8,7047
56.68,7048
64.67,7049
66.29,7050
70.41,7051
56.57,7052
51.48,7053
44.48,7054
40.74,7055
45.55,7056
44.1,7057
40.48,7058
40.5,7059
43.47,7060
46.81,7061
60.31,7062
68.62,7063
65.93,7064
66.26,7065
69.05,7066
68.05,7067
66.41,7068
63.69,7069
60.29,7070
63.78,7071
60.75,7072
65.76,7073
65.2,7074
69.96,7075
61.52,7076
58.78,7077
56.17,7078
50.78,7079
51.16,7080
47.13,7081
43.79,7082
42.11,7083
42.61,7084
45.25,7085
49.43,7086
59.35,7087
60.07,7088
60.6,7089
63.82,7090
63.38,7091
61.05,7092
52.96,7093
50.72,7094
50.86,7095
53.71,7096
63.74,7097
72.14,7098
74.21,7099
64.88,7100
60.52,7101
55.34,7102
49.64,7103
46.38,7104
43.41,7105
41.05,7106
38.09,7107
37.7,7108
39.43,7109
40.41,7110
43.79,7111
44.88,7112
45.33,7113
46.99,7114
47.64,7115
47.35,7116
46.18,7117
46.1,7118
47.88,7119
52.12,7120
64.23,7121
68.57,7122
69.0,7123
62.35,7124
53.24,7125
45.09,7126
42.45,7127
38.7,7128
36.5,7129
35.12,7130
35.1,7131
37.46,7132
43.64,7133
62.19,7134
64.72,7135
61.24,7136
64.91,7137
65.57,7138
67.4,7139
72.51,7140
67.77,7141
66.23,7142
66.29,7143
67.8,7144
75.36,7145
82.74,7146
77.2,7147
66.53,7148
60.95,7149
56.22,7150
48.3,7151
43.73,7152
39.28,7153
37.39,7154
36.72,7155
38.83,7156
46.17,7157
61.33,7158
68.64,7159
65.12,7160
66.87,7161
67.31,7162
66.83,7163
67.44,7164
65.34,7165
64.21,7166
62.21,7167
64.73,7168
71.55,7169
81.11,7170
73.91,7171
65.99,7172
60.87,7173
52.42,7174
46.55,7175
44.86,7176
43.2,7177
42.36,7178
41.38,7179
45.52,7180
49.83,7181
68.53,7182
77.17,7183
66.44,7184
65.79,7185
65.39,7186
62.07,7187
62.05,7188
56.63,7189
56.08,7190
56.44,7191
55.9,7192
69.08,7193
68.64,7194
64.23,7195
57.43,7196
52.68,7197
46.36,7198
43.14,7199
45.86,7200
44.2,7201
43.0,7202
40.76,7203
44.41,7204
52.35,7205
69.27,7206
76.01,7207
69.97,7208
66.77,7209
67.69,7210
66.41,7211
67.66,7212
65.08,7213
64.48,7214
64.65,7215
66.59,7216
71.98,7217
80.26,7218
73.17,7219
65.7,7220
59.54,7221
52.16,7222
46.63,7223
42.04,7224
39.24,7225
38.03,7226
37.61,7227
38.56,7228
43.5,7229
52.42,7230
67.22,7231
63.18,7232
64.82,7233
64.86,7234
63.6,7235
64.67,7236
64.68,7237
59.92,7238
59.42,7239
59.69,7240
66.0,7241
73.88,7242
65.58,7243
59.72,7244
53.43,7245
48.2,7246
45.92,7247
52.19,7248
49.15,7249
47.1,7250
46.55,7251
46.47,7252
48.24,7253
50.3,7254
56.94,7255
60.74,7256
64.61,7257
66.13,7258
65.48,7259
66.39,7260
62.36,7261
59.72,7262
59.28,7263
64.38,7264
70.49,7265
81.69,7266
77.87,7267
66.65,7268
61.95,7269
57.43,7270
49.94,7271
54.72,7272
49.5,7273
48.95,7274
47.31,7275
45.68,7276
48.63,7277
47.89,7278
48.58,7279
50.38,7280
51.03,7281
51.8,7282
51.46,7283
50.34,7284
49.53,7285
49.2,7286
49.28,7287
50.74,7288
59.82,7289
70.95,7290
73.39,7291
68.74,7292
60.59,7293
51.84,7294
48.0,7295
46.82,7296
44.07,7297
41.91,7298
42.61,7299
47.74,7300
55.34,7301
77.19,7302
88.58,7303
73.71,7304
68.82,7305
68.01,7306
64.62,7307
61.4,7308
61.2,7309
57.42,7310
58.18,7311
63.36,7312
78.58,7313
93.46,7314
85.32,7315
77.36,7316
67.53,7317
56.89,7318
51.98,7319
50.58,7320
48.49,7321
46.66,7322
47.37,7323
50.52,7324
59.5,7325
75.74,7326
88.65,7327
73.54,7328
70.77,7329
73.98,7330
69.69,7331
67.03,7332
66.65,7333
63.42,7334
62.21,7335
69.19,7336
80.82,7337
100.86,7338
85.73,7339
79.4,7340
70.1,7341
62.94,7342
57.84,7343
64.88,7344
59.68,7345
58.98,7346
59.95,7347
62.06,7348
75.86,7349
102.06,7350
127.19,7351
95.19,7352
76.09,7353
73.51,7354
69.04,7355
63.18,7356
60.47,7357
60.75,7358
60.13,7359
62.28,7360
77.95,7361
97.67,7362
88.52,7363
77.72,7364
73.68,7365
67.65,7366
60.67,7367
65.83,7368
65.3,7369
63.52,7370
64.32,7371
65.85,7372
78.93,7373
107.3,7374
139.93,7375
111.71,7376
85.59,7377
85.32,7378
75.8,7379
69.44,7380
69.15,7381
67.0,7382
65.83,7383
72.04,7384
79.64,7385
103.09,7386
94.06,7387
85.17,7388
74.96,7389
74.69,7390
66.2,7391
77.16,7392
73.7,7393
72.24,7394
72.91,7395
76.82,7396
86.56,7397
132.95,7398
163.71,7399
133.49,7400
93.26,7401
79.16,7402
73.18,7403
67.21,7404
65.57,7405
63.76,7406
60.22,7407
62.84,7408
71.36,7409
90.05,7410
80.33,7411
78.22,7412
71.81,7413
68.61,7414
62.37,7415
67.07,7416
64.39,7417
64.0,7418
64.0,7419
64.07,7420
71.38,7421
85.93,7422
104.6,7423
100.34,7424
83.48,7425
74.61,7426
71.53,7427
65.1,7428
62.54,7429
59.31,7430
57.58,7431
60.1,7432
66.41,7433
79.91,7434
72.39,7435
68.59,7436
62.63,7437
59.93,7438
56.61,7439
48.11,7440
46.76,7441
35.88,7442
44.31,7443
43.58,7444
44.99,7445
49.02,7446
56.35,7447
67.85,7448
68.45,7449
58.92,7450
55.16,7451
49.71,7452
47.48,7453
45.99,7454
45.6,7455
46.01,7456
57.38,7457
75.37,7458
66.19,7459
63.42,7460
58.65,7461
51.66,7462
45.92,7463
43.08,7464
48.39,7465
47.05,7466
46.65,7467
47.06,7468
51.32,7469
66.22,7470
86.61,7471
89.78,7472
75.07,7473
68.76,7474
62.59,7475
55.35,7476
53.96,7477
53.28,7478
53.05,7479
53.61,7480
68.25,7481
101.41,7482
78.33,7483
70.65,7484
64.04,7485
57.81,7486
50.57,7487
46.03,7488
44.14,7489
41.16,7490
40.1,7491
42.15,7492
47.2,7493
62.98,7494
85.15,7495
72.44,7496
65.44,7497
59.84,7498
59.9,7499
57.12,7500
56.7,7501
56.71,7502
53.89,7503
54.8,7504
66.9,7505
85.04,7506
72.09,7507
67.46,7508
61.3,7509
52.88,7510
48.4,7511
46.46,7512
44.1,7513
39.9,7514
38.1,7515
37.92,7516
44.18,7517
51.11,7518
75.77,7519
73.05,7520
62.73,7521
62.01,7522
60.23,7523
59.26,7524
56.17,7525
56.1,7526
54.73,7527
55.65,7528
69.65,7529
92.48,7530
80.96,7531
67.24,7532
58.46,7533
51.93,7534
42.13,7535
38.11,7536
32.74,7537
30.63,7538
31.11,7539
31.62,7540
34.76,7541
40.81,7542
57.04,7543
62.61,7544
57.41,7545
55.9,7546
54.21,7547
51.44,7548
50.54,7549
54.68,7550
49.59,7551
51.21,7552
58.0,7553
77.57,7554
59.68,7555
58.71,7556
53.83,7557
45.12,7558
38.14,7559
34.53,7560
32.99,7561
28.4,7562
27.56,7563
27.63,7564
32.11,7565
39.35,7566
53.24,7567
62.05,7568
58.39,7569
59.82,7570
56.14,7571
51.23,7572
46.34,7573
46.74,7574
44.99,7575
45.15,7576
56.62,7577
76.91,7578
66.12,7579
66.28,7580
59.61,7581
51.37,7582
44.84,7583
41.96,7584
46.27,7585
40.32,7586
40.96,7587
40.53,7588
43.52,7589
48.84,7590
55.35,7591
61.76,7592
62.04,7593
59.75,7594
55.85,7595
57.35,7596
54.32,7597
51.82,7598
49.35,7599
50.8,7600
62.83,7601
78.14,7602
69.11,7603
63.71,7604
62.57,7605
59.34,7606
56.92,7607
55.38,7608
56.66,7609
51.39,7610
49.9,7611
48.15,7612
52.9,7613
59.26,7614
67.38,7615
71.25,7616
69.99,7617
61.05,7618
52.9,7619
51.1,7620
48.92,7621
46.4,7622
44.31,7623
48.65,7624
69.25,7625
86.21,7626
71.25,7627
67.16,7628
64.64,7629
59.8,7630
52.17,7631
47.06,7632
44.64,7633
44.78,7634
43.95,7635
46.19,7636
50.65,7637
64.18,7638
88.87,7639
89.3,7640
76.58,7641
68.91,7642
64.58,7643
59.96,7644
54.1,7645
51.87,7646
51.06,7647
53.34,7648
65.52,7649
90.72,7650
81.74,7651
75.57,7652
67.04,7653
58.86,7654
59.63,7655
55.47,7656
49.19,7657
48.01,7658
47.5,7659
47.65,7660
53.07,7661
60.99,7662
90.6,7663
88.92,7664
69.23,7665
64.71,7666
57.1,7667
50.59,7668
47.93,7669
46.93,7670
46.15,7671
48.73,7672
56.39,7673
72.65,7674
64.48,7675
63.45,7676
57.03,7677
52.9,7678
44.7,7679
39.19,7680
40.78,7681
40.13,7682
39.41,7683
39.96,7684
44.06,7685
57.41,7686
78.0,7687
71.53,7688
62.38,7689
59.42,7690
56.02,7691
51.46,7692
50.51,7693
49.37,7694
49.11,7695
53.99,7696
57.02,7697
71.05,7698
61.6,7699
58.83,7700
52.88,7701
47.54,7702
43.41,7703
36.17,7704
36.58,7705
34.98,7706
34.47,7707
34.71,7708
39.17,7709
46.62,7710
59.86,7711
60.75,7712
53.53,7713
52.19,7714
51.7,7715
51.25,7716
49.84,7717
49.03,7718
48.54,7719
56.63,7720
59.57,7721
79.35,7722
64.2,7723
58.42,7724
57.14,7725
55.89,7726
51.74,7727
44.71,7728
52.6,7729
48.58,7730
49.91,7731
52.66,7732
59.58,7733
64.06,7734
87.14,7735
97.38,7736
76.86,7737
63.03,7738
59.93,7739
60.31,7740
56.24,7741
57.39,7742
56.95,7743
60.99,7744
66.11,7745
97.37,7746
80.53,7747
71.81,7748
66.79,7749
64.23,7750
61.84,7751
60.22,7752
66.63,7753
63.58,7754
61.8,7755
62.34,7756
66.44,7757
70.85,7758
82.66,7759
93.46,7760
81.57,7761
65.1,7762
60.66,7763
54.6,7764
52.76,7765
51.17,7766
48.28,7767
52.43,7768
58.0,7769
78.78,7770
65.55,7771
70.33,7772
66.52,7773
62.5,7774
57.51,7775
51.96,7776
51.01,7777
47.28,7778
44.97,7779
45.59,7780
46.1,7781
47.9,7782
54.66,7783
62.72,7784
62.26,7785
59.93,7786
62.83,7787
55.61,7788
52.86,7789
51.59,7790
48.28,7791
48.07,7792
59.45,7793
72.37,7794
62.43,7795
60.45,7796
56.93,7797
51.89,7798
44.04,7799
38.08,7800
40.01,7801
37.49,7802
37.32,7803
39.78,7804
43.68,7805
51.57,7806
64.79,7807
75.54,7808
68.78,7809
68.59,7810
69.6,7811
65.26,7812
62.61,7813
61.75,7814
60.94,7815
64.96,7816
71.47,7817
98.11,7818
90.4,7819
86.12,7820
76.23,7821
70.96,7822
66.25,7823
62.54,7824
58.6,7825
55.61,7826
55.66,7827
56.95,7828
60.36,7829
72.41,7830
105.95,7831
116.43,7832
81.39,7833
64.34,7834
66.44,7835
61.52,7836
59.21,7837
59.55,7838
56.76,7839
59.74,7840
71.88,7841
93.01,7842
84.76,7843
82.99,7844
77.72,7845
72.51,7846
68.62,7847
62.08,7848
60.86,7849
58.0,7850
58.13,7851
58.59,7852
65.11,7853
80.02,7854
108.76,7855
112.57,7856
81.66,7857
66.83,7858
56.79,7859
50.5,7860
46.25,7861
45.73,7862
43.97,7863
45.74,7864
54.89,7865
74.05,7866
64.64,7867
61.59,7868
57.51,7869
54.61,7870
50.99,7871
44.73,7872
42.52,7873
40.82,7874
38.79,7875
38.44,7876
39.49,7877
41.47,7878
45.5,7879
46.91,7880
44.51,7881
43.55,7882
45.51,7883
41.85,7884
40.83,7885
36.49,7886
35.22,7887
35.34,7888
38.02,7889
45.97,7890
46.32,7891
44.67,7892
43.52,7893
42.26,7894
39.46,7895
36.1,7896
36.69,7897
36.54,7898
35.44,7899
36.16,7900
38.25,7901
42.5,7902
46.2,7903
50.52,7904
53.1,7905
52.36,7906
56.48,7907
53.71,7908
48.11,7909
48.85,7910
47.78,7911
50.03,7912
64.52,7913
79.18,7914
74.0,7915
71.3,7916
68.13,7917
65.02,7918
58.79,7919
55.34,7920
53.32,7921
52.7,7922
50.71,7923
49.51,7924
50.38,7925
56.69,7926
61.91,7927
75.37,7928
67.03,7929
57.22,7930
56.98,7931
53.13,7932
44.34,7933
44.5,7934
42.72,7935
46.11,7936
53.16,7937
71.6,7938
60.86,7939
60.21,7940
54.47,7941
51.53,7942
47.66,7943
46.4,7944
48.69,7945
46.06,7946
43.41,7947
43.62,7948
43.87,7949
46.68,7950
46.47,7951
49.53,7952
47.01,7953
45.31,7954
45.81,7955
45.69,7956
44.03,7957
43.0,7958
42.52,7959
46.57,7960
54.66,7961
71.33,7962
59.18,7963
57.44,7964
55.69,7965
52.35,7966
48.46,7967
46.41,7968
44.82,7969
44.3,7970
44.17,7971
45.47,7972
48.05,7973
62.84,7974
85.31,7975
95.7,7976
70.0,7977
66.38,7978
60.28,7979
56.12,7980
55.26,7981
52.52,7982
51.65,7983
54.44,7984
69.77,7985
94.88,7986
74.58,7987
72.6,7988
70.28,7989
64.62,7990
59.69,7991
53.97,7992
54.86,7993
52.07,7994
51.58,7995
53.48,7996
56.23,7997
69.8,7998
88.95,7999
105.46,8000
79.64,8001
72.96,8002
65.0,8003
60.28,8004
58.11,8005
55.57,8006
54.35,8007
55.94,8008
61.12,8009
84.92,8010
69.66,8011
67.33,8012
66.12,8013
56.94,8014
54.53,8015
51.0,8016
51.19,8017
49.2,8018
47.88,8019
46.92,8020
52.69,8021
62.62,8022
75.11,8023
90.47,8024
66.5,8025
63.96,8026
60.31,8027
55.68,8028
54.42,8029
49.91,8030
47.47,8031
48.74,8032
53.79,8033
69.99,8034
62.86,8035
57.98,8036
49.9,8037
46.67,8038
40.86,8039
36.42,8040
31.22,8041
29.06,8042
28.86,8043
29.18,8044
30.9,8045
37.56,8046
46.8,8047
53.06,8048
43.44,8049
41.08,8050
40.68,8051
40.28,8052
39.24,8053
39.14,8054
38.85,8055
38.91,8056
48.12,8057
63.22,8058
54.02,8059
50.46,8060
48.84,8061
43.83,8062
38.64,8063
33.15,8064
30.47,8065
29.12,8066
28.26,8067
28.6,8068
31.66,8069
35.61,8070
52.44,8071
61.02,8072
46.46,8073
45.03,8074
46.98,8075
43.03,8076
40.17,8077
39.0,8078
38.51,8079
38.75,8080
48.76,8081
65.47,8082
52.35,8083
50.22,8084
49.0,8085
42.26,8086
38.02,8087
31.73,8088
35.03,8089
33.82,8090
32.36,8091
31.95,8092
32.53,8093
33.94,8094
37.36,8095
45.67,8096
44.52,8097
41.2,8098
38.96,8099
35.3,8100
34.38,8101
33.89,8102
33.76,8103
33.76,8104
45.45,8105
61.44,8106
47.92,8107
45.54,8108
43.94,8109
40.75,8110
36.74,8111
34.62,8112
35.96,8113
33.35,8114
31.36,8115
29.66,8116
29.73,8117
32.19,8118
35.96,8119
37.76,8120
37.67,8121
33.33,8122
33.41,8123
30.86,8124
30.74,8125
29.9,8126
28.62,8127
29.42,8128
35.68,8129
47.14,8130
38.3,8131
35.67,8132
34.14,8133
30.54,8134
27.3,8135
25.95,8136
22.6,8137
22.1,8138
19.93,8139
19.35,8140
22.54,8141
24.55,8142
38.25,8143
40.06,8144
35.78,8145
34.77,8146
35.75,8147
36.41,8148
37.22,8149
36.53,8150
35.69,8151
36.66,8152
49.24,8153
60.01,8154
58.29,8155
52.22,8156
51.27,8157
47.86,8158
41.78,8159
35.33,8160
32.76,8161
33.03,8162
33.37,8163
34.72,8164
37.32,8165
44.57,8166
56.51,8167
67.83,8168
51.9,8169
47.03,8170
43.43,8171
41.22,8172
39.85,8173
39.21,8174
39.69,8175
40.87,8176
54.73,8177
73.05,8178
63.34,8179
59.78,8180
55.72,8181
52.52,8182
44.29,8183
40.23,8184
39.59,8185
37.67,8186
37.38,8187
38.83,8188
41.33,8189
47.53,8190
62.91,8191
72.08,8192
60.15,8193
56.76,8194
60.93,8195
53.02,8196
48.27,8197
47.66,8198
47.19,8199
48.84,8200
59.93,8201
83.29,8202
72.51,8203
66.25,8204
60.25,8205
56.18,8206
48.94,8207
45.97,8208
46.38,8209
43.72,8210
42.01,8211
43.78,8212
47.59,8213
53.53,8214
70.94,8215
86.6,8216
60.57,8217
51.63,8218
46.26,8219
38.56,8220
36.75,8221
36.3,8222
36.39,8223
36.33,8224
43.7,8225
60.24,8226
51.03,8227
48.98,8228
44.38,8229
40.66,8230
39.16,8231
33.49,8232
35.14,8233
34.53,8234
33.3,8235
33.22,8236
33.98,8237
37.99,8238
54.3,8239
67.77,8240
50.44,8241
46.15,8242
44.0,8243
40.92,8244
36.22,8245
34.95,8246
34.02,8247
33.14,8248
37.47,8249
45.45,8250
35.41,8251
33.91,8252
32.67,8253
31.05,8254
28.42,8255
23.68,8256
22.19,8257
20.74,8258
19.89,8259
19.5,8260
19.71,8261
20.37,8262
21.32,8263
23.34,8264
25.0,8265
26.47,8266
25.89,8267
25.91,8268
26.13,8269
25.5,8270
24.16,8271
25.63,8272
31.79,8273
38.15,8274
32.11,8275
30.96,8276
30.05,8277
28.59,8278
25.35,8279
23.02,8280
27.71,8281
26.0,8282
26.1,8283
24.58,8284
26.02,8285
27.88,8286
28.93,8287
33.55,8288
31.93,8289
31.13,8290
28.46,8291
27.93,8292
26.16,8293
24.28,8294
24.65,8295
25.85,8296
33.17,8297
49.21,8298
40.82,8299
39.38,8300
39.33,8301
38.33,8302
32.88,8303
27.72,8304
30.2,8305
30.02,8306
29.5,8307
30.63,8308
32.4,8309
43.33,8310
54.63,8311
72.87,8312
51.3,8313
43.56,8314
39.15,8315
34.98,8316
33.1,8317
31.96,8318
32.26,8319
33.59,8320
40.92,8321
64.98,8322
49.26,8323
44.09,8324
42.57,8325
39.96,8326
34.06,8327
30.09,8328
32.24,8329
30.45,8330
30.34,8331
30.81,8332
33.76,8333
39.47,8334
53.37,8335
63.99,8336
41.35,8337
35.03,8338
34.76,8339
30.82,8340
30.27,8341
28.97,8342
28.34,8343
29.36,8344
33.54,8345
45.57,8346
39.54,8347
37.11,8348
35.32,8349
33.54,8350
28.6,8351
25.76,8352
25.28,8353
24.52,8354
24.5,8355
23.98,8356
25.63,8357
30.9,8358
41.2,8359
48.92,8360
35.69,8361
33.76,8362
31.83,8363
30.3,8364
28.03,8365
27.71,8366
26.95,8367
26.67,8368
33.19,8369
39.75,8370
35.16,8371
32.71,8372
30.54,8373
27.04,8374
23.58,8375
20.46,8376
22.31,8377
21.28,8378
20.25,8379
20.48,8380
22.56,8381
25.58,8382
35.52,8383
36.86,8384
31.08,8385
27.49,8386
27.11,8387
25.97,8388
26.11,8389
25.97,8390
25.61,8391
25.98,8392
32.53,8393
46.26,8394
37.28,8395
34.34,8396
33.47,8397
31.86,8398
24.9,8399
23.93,8400
27.29,8401
26.19,8402
24.66,8403
25.07,8404
27.86,8405
32.12,8406
45.21,8407
51.51,8408
43.28,8409
42.24,8410
44.34,8411
40.15,8412
37.5,8413
36.1,8414
34.84,8415
35.84,8416
42.68,8417
51.72,8418
44.45,8419
40.4,8420
37.83,8421
34.99,8422
32.4,8423
29.19,8424
29.23,8425
27.49,8426
25.49,8427
25.24,8428
25.32,8429
25.63,8430
26.51,8431
34.29,8432
37.21,8433
41.27,8434
44.6,8435
42.02,8436
36.14,8437
34.4,8438
33.54,8439
34.53,8440
38.34,8441
47.62,8442
44.57,8443
42.44,8444
39.49,8445
36.81,8446
34.4,8447
33.24,8448
29.71,8449
27.07,8450
26.99,8451
27.15,8452
27.12,8453
26.79,8454
27.57,8455
31.38,8456
34.04,8457
35.14,8458
35.68,8459
34.35,8460
32.46,8461
32.3,8462
31.66,8463
33.34,8464
43.16,8465
63.56,8466
55.84,8467
53.23,8468
52.69,8469
48.31,8470
41.72,8471
38.88,8472
37.89,8473
38.05,8474
36.66,8475
38.99,8476
44.11,8477
53.09,8478
63.54,8479
93.59,8480
61.59,8481
54.37,8482
48.82,8483
41.7,8484
40.77,8485
38.75,8486
38.35,8487
40.14,8488
47.52,8489
71.68,8490
66.87,8491
62.25,8492
66.39,8493
61.15,8494
49.59,8495
46.24,8496
41.18,8497
40.08,8498
38.86,8499
39.48,8500
40.5,8501
46.94,8502
64.64,8503
86.16,8504
61.76,8505
52.09,8506
46.44,8507
42.7,8508
38.09,8509
37.98,8510
36.73,8511
37.25,8512
37.99,8513
51.14,8514
46.8,8515
45.74,8516
45.93,8517
41.32,8518
37.28,8519
35.01,8520
34.86,8521
34.54,8522
33.38,8523
33.44,8524
34.48,8525
37.78,8526
51.94,8527
62.91,8528
54.41,8529
50.6,8530
44.07,8531
41.19,8532
39.15,8533
39.09,8534
36.84,8535
38.63,8536
42.71,8537
63.18,8538
54.36,8539
52.9,8540
52.7,8541
47.68,8542
43.4,8543
37.99,8544
40.42,8545
37.96,8546
37.1,8547
37.76,8548
41.3,8549
45.73,8550
57.34,8551
68.11,8552
50.7,8553
43.3,8554
39.18,8555
36.81,8556
35.0,8557
34.52,8558
34.61,8559
34.62,8560
38.76,8561
51.01,8562
44.08,8563
44.06,8564
43.02,8565
42.26,8566
37.95,8567
34.96,8568
34.19,8569
32.42,8570
27.81,8571
27.36,8572
27.43,8573
27.48,8574
28.73,8575
31.19,8576
32.77,8577
31.81,8578
29.17,8579
26.4,8580
25.19,8581
24.78,8582
24.73,8583
25.32,8584
27.31,8585
35.78,8586
31.75,8587
28.97,8588
25.86,8589
26.03,8590
25.47,8591
24.19,8592
20.31,8593
19.64,8594
19.67,8595
18.89,8596
19.21,8597
20.19,8598
20.34,8599
22.11,8600
24.12,8601
26.23,8602
24.99,8603
26.98,8604
24.41,8605
23.34,8606
22.85,8607
23.02,8608
25.65,8609
31.08,8610
28.44,8611
27.9,8612
25.85,8613
24.84,8614
23.38,8615
21.82,8616
22.96,8617
21.61,8618
21.68,8619
21.54,8620
21.37,8621
21.73,8622
21.71,8623
23.28,8624
23.8,8625
23.55,8626
23.71,8627
23.26,8628
23.29,8629
22.11,8630
22.23,8631
22.2,8632
24.06,8633
32.84,8634
31.48,8635
28.29,8636
27.72,8637
26.64,8638
24.23,8639
21.87,8640
21.49,8641
21.52,8642
21.19,8643
21.47,8644
21.62,8645
25.74,8646
27.27,8647
30.53,8648
31.24,8649
31.48,8650
32.38,8651
32.15,8652
30.17,8653
28.55,8654
27.97,8655
28.88,8656
32.85,8657
37.51,8658
34.63,8659
34.79,8660
33.36,8661
32.61,8662
28.92,8663
25.98,8664
24.55,8665
23.81,8666
23.84,8667
23.65,8668
23.85,8669
24.52,8670
27.64,8671
31.85,8672
30.1,8673
32.06,8674
31.77,8675
29.71,8676
29.23,8677
28.97,8678
28.39,8679
28.77,8680
30.3,8681
35.71,8682
32.93,8683
32.35,8684
30.84,8685
28.65,8686
26.76,8687
24.5,8688
25.69,8689
23.33,8690
22.65,8691
22.67,8692
22.72,8693
24.02,8694
27.34,8695
29.96,8696
31.44,8697
32.52,8698
34.16,8699
32.75,8700
33.1,8701
31.42,8702
30.16,8703
29.74,8704
32.66,8705
38.38,8706
33.95,8707
33.12,8708
31.12,8709
28.04,8710
25.89,8711
24.23,8712
25.36,8713
23.06,8714
22.77,8715
22.59,8716
23.11,8717
24.44,8718
27.52,8719
33.15,8720
33.21,8721
34.13,8722
35.71,8723
35.69,8724
35.13,8725
33.97,8726
31.85,8727
31.01,8728
33.32,8729
37.36,8730
34.97,8731
33.11,8732
31.09,8733
29.64,8734
27.36,8735
25.56,8736
25.86,8737
22.7,8738
22.11,8739
23.17,8740
22.61,8741
23.44,8742
26.91,8743
28.64,8744
27.23,8745
27.01,8746
29.35,8747
27.99,8748
27.07,8749
25.97,8750
25.11,8751
25.07,8752
27.97,8753
32.67,8754
30.43,8755
28.52,8756
26.37,8757
24.87,8758
24.8,8759
22.59,8760
