SteamGen_capacity,Converter1_capacity,NewBOP_capacity,Charger_capacity,TES_capacity,Convert2_capacity,Grid_capacity,mean_NPV,std_NPV,med_NPV,max_NPV,min_NPV,perc_5_NPV,perc_95_NPV,samp_NPV,var_NPV,ProbabilityWeight-Charger_capacity,ProbabilityWeight-TES_capacity,ProbabilityWeight-NewBOP_capacity,PointProbability,ProbabilityWeight,prefix
203.0,-203.0,-420.0,-203.0,800.0,-203.0,-1e+200,455853664.592,15773299.9811,456316505.28,481704825.379,425343830.88,433066963.824,478278018.558,18.0,2.48796992294e+14,0.115384615385,0.139275766017,0.166666666667,1.7855867438e-06,0.00267838011571,4
203.0,-203.0,-420.0,-203.0,700.0,-203.0,-1e+200,458542974.191,13062567.7441,457624732.711,486131522.341,436402194.87,440654905.712,478694908.546,15.0,1.70630676068e+14,0.115384615385,0.139275766017,0.166666666667,1.7855867438e-06,0.00267838011571,3
203.0,-203.0,-420.0,-203.0,500.0,-203.0,-1e+200,455372911.527,8956859.14564,457087531.909,470061615.063,439392992.219,439781810.934,465807323.041,14.0,8.02253257549e+13,0.115384615385,0.0696378830084,0.166666666667,1.7855867438e-06,0.00133919005785,1
203.0,-203.0,-420.0,-203.0,600.0,-203.0,-1e+200,451929559.506,8867076.20463,450483927.142,468882676.032,435410243.222,440213107.998,464244947.997,12.0,7.86250404187e+13,0.115384615385,0.139275766017,0.166666666667,1.7855867438e-06,0.00267838011571,2
203.0,-203.0,-420.0,-203.0,1200.0,-203.0,-1e+200,458076094.758,9811698.07318,459027864.963,469789175.628,435637661.188,441092311.719,468804447.204,15.0,9.62694190793e+13,0.115384615385,0.0821727019499,0.166666666667,1.7855867438e-06,0.00158024426827,8
203.0,-203.0,-420.0,-203.0,1100.0,-203.0,-1e+200,458314693.323,13108090.4503,458781564.99,487209394.778,430994731.859,438070631.32,475257798.339,17.0,1.71822035254e+14,0.115384615385,0.139275766017,0.166666666667,1.7855867438e-06,0.00267838011571,7
203.0,-203.0,-420.0,-203.0,900.0,-203.0,-1e+200,460538582.043,13117212.0632,463665893.598,481935720.85,436394475.651,441994133.763,479831639.279,15.0,1.7206125231e+14,0.115384615385,0.139275766017,0.166666666667,1.7855867438e-06,0.00267838011571,5
203.0,-203.0,-420.0,-203.0,1000.0,-203.0,-1e+200,460887623.312,10392910.3258,459434379.655,477536705.039,443320221.193,446561296.974,475278505.628,15.0,1.08012585041e+14,0.115384615385,0.139275766017,0.166666666667,1.7855867438e-06,0.00267838011571,6
203.0,-203.0,-400.0,-203.0,500.0,-203.0,-1e+200,449145889.888,16291185.2411,451648554.778,479617465.992,420821949.229,427822476.723,472111397.761,10.0,2.65402716559e+14,0.115384615385,0.0696378830084,0.333333333333,1.7855867438e-06,0.00267838011571,10
203.0,-203.0,-400.0,-203.0,600.0,-203.0,-1e+200,460825805.272,12602995.2026,462224447.185,481515632.7,440084745.631,442884574.232,477460228.956,8.0,1.58835488076e+14,0.115384615385,0.139275766017,0.333333333333,1.7855867438e-06,0.00535676023141,11
203.0,-203.0,-400.0,-203.0,700.0,-203.0,-1e+200,460945665.144,11291164.2552,465334551.417,472133810.579,441562897.797,445767748.432,472014108.554,9.0,1.27490390237e+14,0.115384615385,0.139275766017,0.333333333333,1.7855867438e-06,0.00535676023141,12
203.0,-203.0,-420.0,-203.0,1218.0,-203.0,-1e+200,461101081.912,11568041.7431,460735878.957,485246581.262,439889012.476,445773073.052,475874075.703,15.0,1.33819589769e+14,0.115384615385,0.0125348189415,0.166666666667,1.7855867438e-06,0.000241054210414,9
203.0,-203.0,-400.0,-203.0,900.0,-203.0,-1e+200,457489755.487,13769242.41,458493792.682,478091400.933,439247342.704,441070224.668,474586884.04,6.0,1.89592036544e+14,0.115384615385,0.139275766017,0.333333333333,1.7855867438e-06,0.00535676023141,14
203.0,-203.0,-400.0,-203.0,800.0,-203.0,-1e+200,458492020.973,14635656.192,465418442.128,480379999.433,434422691.385,437095637.296,474198986.549,12.0,2.14202432172e+14,0.115384615385,0.139275766017,0.333333333333,1.7855867438e-06,0.00535676023141,13
203.0,-203.0,-400.0,-203.0,1000.0,-203.0,-1e+200,457821176.97,11018449.8784,459352221.593,472675603.697,442260308.492,444092192.143,470945948.311,7.0,1.21406237722e+14,0.115384615385,0.139275766017,0.333333333333,1.7855867438e-06,0.00535676023141,15
203.0,-203.0,-400.0,-203.0,1100.0,-203.0,-1e+200,464405806.608,9855728.60591,463003779.669,483150111.593,447229457.119,449964299.141,479040289.983,12.0,9.71353863534e+13,0.115384615385,0.139275766017,0.333333333333,1.7855867438e-06,0.00535676023141,16
203.0,-203.0,-380.0,-203.0,600.0,-203.0,-1e+200,447201886.811,12650841.8876,446942355.4,466500690.458,428889426.578,432022679.286,463036513.665,8.0,1.60043800464e+14,0.115384615385,0.139275766017,0.333333333333,1.7855867438e-06,0.00535676023141,20
203.0,-203.0,-380.0,-203.0,500.0,-203.0,-1e+200,436401261.297,7606562.81692,436974249.243,451504840.253,426052182.333,427792598.876,448364410.674,10.0,5.78597978878e+13,0.115384615385,0.0696378830084,0.333333333333,1.7855867438e-06,0.00267838011571,19
203.0,-203.0,-400.0,-203.0,1200.0,-203.0,-1e+200,458243891.713,11197826.0398,459803523.509,470356351.878,439001311.247,442904611.654,469238295.723,6.0,1.25391308017e+14,0.115384615385,0.0821727019499,0.333333333333,1.7855867438e-06,0.00316048853653,17
203.0,-203.0,-400.0,-203.0,1218.0,-203.0,-1e+200,457055380.565,12067968.4392,454224425.209,483338227.704,440313959.334,444121421.0,476442073.007,11.0,1.4563586225e+14,0.115384615385,0.0125348189415,0.333333333333,1.7855867438e-06,0.000482108420827,18
203.0,-203.0,-380.0,-203.0,700.0,-203.0,-1e+200,449941435.16,10178396.9104,452413029.153,462716052.798,435384699.226,436667264.916,461088749.259,6.0,1.03599763666e+14,0.115384615385,0.139275766017,0.333333333333,1.7855867438e-06,0.00535676023141,21
203.0,-203.0,-380.0,-203.0,900.0,-203.0,-1e+200,453151032.275,10282077.1318,453661128.292,466726055.233,439103555.469,440805963.913,466179380.62,9.0,1.05721110144e+14,0.115384615385,0.139275766017,0.333333333333,1.7855867438e-06,0.00535676023141,23
203.0,-203.0,-380.0,-203.0,800.0,-203.0,-1e+200,451178830.829,14424469.8711,447211718.45,473210983.046,432430664.279,433487489.079,470394220.652,9.0,2.08065331063e+14,0.115384615385,0.139275766017,0.333333333333,1.7855867438e-06,0.00535676023141,22
203.0,-203.0,-380.0,-203.0,1000.0,-203.0,-1e+200,447460907.662,15522752.4308,445556119.732,467911848.992,423777831.982,427359441.234,467406806.871,12.0,2.40955843028e+14,0.115384615385,0.139275766017,0.333333333333,1.7855867438e-06,0.00535676023141,24
203.0,-203.0,-380.0,-203.0,1100.0,-203.0,-1e+200,449204171.229,10204655.254,450661361.547,467750477.454,431781417.54,435296149.474,463266349.393,11.0,1.04134988853e+14,0.115384615385,0.139275766017,0.333333333333,1.7855867438e-06,0.00535676023141,25
203.0,-203.0,-360.0,-203.0,500.0,-203.0,-1e+200,436248685.015,10278802.7308,437600175.592,451962997.557,419613299.613,423383194.603,451278691.751,14.0,1.05653785578e+14,0.115384615385,0.0696378830084,0.166666666667,1.7855867438e-06,0.00133919005785,28
203.0,-203.0,-380.0,-203.0,1200.0,-203.0,-1e+200,450381918.353,11973937.3994,450615234.059,473794831.83,433003532.164,435171188.653,467117335.962,8.0,1.43375176845e+14,0.115384615385,0.0821727019499,0.333333333333,1.7855867438e-06,0.00316048853653,26
203.0,-203.0,-380.0,-203.0,1218.0,-203.0,-1e+200,453591666.757,7770297.33925,453593810.774,464019997.232,439228804.877,442814841.209,463682528.507,9.0,6.03775207403e+13,0.115384615385,0.0125348189415,0.333333333333,1.7855867438e-06,0.000482108420827,27
203.0,-203.0,-360.0,-203.0,600.0,-203.0,-1e+200,441292121.303,10578019.3927,439448671.768,459832682.828,422134885.378,428152517.231,457153294.332,9.0,1.11894494273e+14,0.115384615385,0.139275766017,0.166666666667,1.7855867438e-06,0.00267838011571,29
203.0,-203.0,-360.0,-203.0,700.0,-203.0,-1e+200,429210939.844,10468264.3589,428552246.457,444374412.133,413341755.452,415836679.107,444026218.121,11.0,1.09584558688e+14,0.115384615385,0.139275766017,0.166666666667,1.7855867438e-06,0.00267838011571,30
203.0,-203.0,-360.0,-203.0,900.0,-203.0,-1e+200,444146281.572,14301802.8233,447555634.764,462226861.877,415882433.807,422164986.015,460110304.851,9.0,2.04541563996e+14,0.115384615385,0.139275766017,0.166666666667,1.7855867438e-06,0.00267838011571,32
203.0,-203.0,-360.0,-203.0,800.0,-203.0,-1e+200,434620283.926,16074614.5101,435828153.149,458375049.628,406266744.496,411958873.907,453996177.434,8.0,2.58393231649e+14,0.115384615385,0.139275766017,0.166666666667,1.7855867438e-06,0.00267838011571,31
203.0,-203.0,-360.0,-203.0,1000.0,-203.0,-1e+200,440952019.856,11025603.5114,440620373.249,461376755.173,424252533.558,427726753.857,457042141.591,8.0,1.21563932791e+14,0.115384615385,0.139275766017,0.166666666667,1.7855867438e-06,0.00267838011571,33
203.0,-203.0,-360.0,-203.0,1100.0,-203.0,-1e+200,440136618.183,7521360.13077,441089937.646,449860888.931,428353777.487,429076827.418,449148646.468,8.0,5.65708582167e+13,0.115384615385,0.139275766017,0.166666666667,1.7855867438e-06,0.00267838011571,34
203.0,-203.0,-360.0,-203.0,1200.0,-203.0,-1e+200,436275033.665,11683044.2477,436317804.927,452859037.437,418539406.898,422198374.065,451945020.919,10.0,1.36493522893e+14,0.115384615385,0.0821727019499,0.166666666667,1.7855867438e-06,0.00158024426827,35
203.0,-203.0,-420.0,-200.0,500.0,-203.0,-1e+200,451180980.85,10155593.4009,450412700.052,464318684.132,432625954.307,434992864.383,463773013.287,18.0,1.03136077325e+14,0.307692307692,0.0696378830084,0.166666666667,1.7855867438e-06,0.00357117348761,37
203.0,-203.0,-360.0,-203.0,1218.0,-203.0,-1e+200,440891468.285,10971950.593,439700932.53,456408318.323,418713939.687,425489536.069,454218787.237,11.0,1.20383699814e+14,0.115384615385,0.0125348189415,0.166666666667,1.7855867438e-06,0.000241054210414,36
203.0,-203.0,-420.0,-200.0,600.0,-203.0,-1e+200,459463669.622,11548235.8606,458239436.763,478820200.159,443024234.602,444370107.948,475485611.829,18.0,1.33361751491e+14,0.307692307692,0.139275766017,0.166666666667,1.7855867438e-06,0.00714234697522,38
203.0,-203.0,-420.0,-200.0,700.0,-203.0,-1e+200,460979240.06,13281247.2243,464512939.732,485735083.064,440262662.291,442870503.87,480074119.344,16.0,1.76391527834e+14,0.307692307692,0.139275766017,0.166666666667,1.7855867438e-06,0.00714234697522,39
203.0,-203.0,-420.0,-200.0,800.0,-203.0,-1e+200,460563355.475,10631932.7625,458416185.344,479950129.814,447356234.459,448113602.333,477636994.44,18.0,1.13037994267e+14,0.307692307692,0.139275766017,0.166666666667,1.7855867438e-06,0.00714234697522,40
203.0,-203.0,-420.0,-200.0,900.0,-203.0,-1e+200,460411713.227,13855426.7989,462968435.06,485523704.781,438896025.296,440905566.129,484263529.81,17.0,1.91972851781e+14,0.307692307692,0.139275766017,0.166666666667,1.7855867438e-06,0.00714234697522,41
203.0,-203.0,-420.0,-200.0,1000.0,-203.0,-1e+200,459456646.055,14091771.1293,459059510.985,479735726.03,432404028.07,436131891.204,479174069.088,17.0,1.98578013561e+14,0.307692307692,0.139275766017,0.166666666667,1.7855867438e-06,0.00714234697522,42
203.0,-203.0,-400.0,-200.0,500.0,-203.0,-1e+200,447787851.144,9383426.07519,448232122.986,463216208.909,430552693.789,432247139.102,461139196.776,20.0,8.80486849085e+13,0.307692307692,0.0696378830084,0.333333333333,1.7855867438e-06,0.00714234697522,46
203.0,-203.0,-420.0,-200.0,1100.0,-203.0,-1e+200,459839650.642,12143473.3892,459531485.699,489338394.976,435079878.189,442644827.659,475960084.743,16.0,1.47463945955e+14,0.307692307692,0.139275766017,0.166666666667,1.7855867438e-06,0.00714234697522,43
203.0,-203.0,-420.0,-200.0,1200.0,-203.0,-1e+200,466634184.012,14362135.9172,468375753.294,487909693.708,428910265.056,447531950.664,486511189.731,19.0,2.06270948103e+14,0.307692307692,0.0821727019499,0.166666666667,1.7855867438e-06,0.00421398471538,44
203.0,-203.0,-420.0,-200.0,1218.0,-203.0,-1e+200,463777791.418,12795093.1876,460909935.048,486052852.387,445598752.112,447629829.567,485196568.94,18.0,1.6371440968e+14,0.307692307692,0.0125348189415,0.166666666667,1.7855867438e-06,0.000642811227769,45
203.0,-203.0,-400.0,-200.0,600.0,-203.0,-1e+200,452017571.714,13344952.0519,449786496.187,479208079.104,424859664.105,433162939.498,471542094.049,19.0,1.78087745269e+14,0.307692307692,0.139275766017,0.333333333333,1.7855867438e-06,0.0142846939504,47
203.0,-203.0,-400.0,-200.0,700.0,-203.0,-1e+200,456036233.623,9443941.98845,455524122.401,475192233.746,442374008.37,443258681.254,471002700.094,20.0,8.91880402812e+13,0.307692307692,0.139275766017,0.333333333333,1.7855867438e-06,0.0142846939504,48
203.0,-203.0,-400.0,-200.0,800.0,-203.0,-1e+200,457281443.237,10506999.282,455445634.851,473402193.61,436787808.287,443299146.36,473211143.299,20.0,1.10397033912e+14,0.307692307692,0.139275766017,0.333333333333,1.7855867438e-06,0.0142846939504,49
203.0,-203.0,-400.0,-200.0,900.0,-203.0,-1e+200,459791509.45,11203039.5049,459869764.161,486940073.106,433782252.373,447279745.19,478203548.325,20.0,1.25508094149e+14,0.307692307692,0.139275766017,0.333333333333,1.7855867438e-06,0.0142846939504,50
203.0,-203.0,-400.0,-200.0,1100.0,-203.0,-1e+200,457185060.225,14194511.0105,460768803.726,477853186.057,417690915.359,437189954.342,474353913.368,20.0,2.01484142827e+14,0.307692307692,0.139275766017,0.333333333333,1.7855867438e-06,0.0142846939504,52
203.0,-203.0,-400.0,-200.0,1000.0,-203.0,-1e+200,454687561.303,13415699.3912,452051571.189,484792553.454,431534153.302,434022487.389,477084919.599,20.0,1.79980990154e+14,0.307692307692,0.139275766017,0.333333333333,1.7855867438e-06,0.0142846939504,51
203.0,-203.0,-380.0,-200.0,500.0,-203.0,-1e+200,442104053.699,10612492.4311,443504790.52,460160146.799,422006026.319,426064651.75,457106304.701,20.0,1.12624995601e+14,0.307692307692,0.0696378830084,0.333333333333,1.7855867438e-06,0.00714234697522,55
203.0,-203.0,-380.0,-200.0,600.0,-203.0,-1e+200,445471884.528,12966176.3743,447531222.46,472765646.133,410844846.964,428453660.589,461465054.968,20.0,1.68121729768e+14,0.307692307692,0.139275766017,0.333333333333,1.7855867438e-06,0.0142846939504,56
203.0,-203.0,-400.0,-200.0,1200.0,-203.0,-1e+200,458745672.734,9565593.90432,459297461.876,479454348.837,442215828.129,447039379.044,475578226.434,20.0,9.15005867424e+13,0.307692307692,0.0821727019499,0.333333333333,1.7855867438e-06,0.00842796943075,53
203.0,-203.0,-400.0,-200.0,1218.0,-203.0,-1e+200,460552805.556,7086785.52449,460287509.738,478402036.373,449904715.028,450425691.859,473248005.361,20.0,5.02225290701e+13,0.307692307692,0.0125348189415,0.333333333333,1.7855867438e-06,0.00128562245554,54
203.0,-203.0,-380.0,-200.0,700.0,-203.0,-1e+200,447329823.803,10665363.7719,447466632.658,472975829.546,423842914.824,432697442.87,462351040.327,20.0,1.13749984387e+14,0.307692307692,0.139275766017,0.333333333333,1.7855867438e-06,0.0142846939504,57
203.0,-203.0,-380.0,-200.0,800.0,-203.0,-1e+200,451875806.37,10883746.3627,454074912.034,473211607.62,428391113.063,430398525.16,462053348.912,20.0,1.18455934888e+14,0.307692307692,0.139275766017,0.333333333333,1.7855867438e-06,0.0142846939504,58
203.0,-203.0,-380.0,-200.0,900.0,-203.0,-1e+200,446556533.152,11636549.6547,447374411.393,468018466.108,423546087.949,423554491.198,461373762.94,20.0,1.35409287866e+14,0.307692307692,0.139275766017,0.333333333333,1.7855867438e-06,0.0142846939504,59
203.0,-203.0,-380.0,-200.0,1100.0,-203.0,-1e+200,453702080.692,11951614.5397,453005983.568,476294956.657,422118706.206,436517219.945,468573861.58,20.0,1.42841090106e+14,0.307692307692,0.139275766017,0.333333333333,1.7855867438e-06,0.0142846939504,61
203.0,-203.0,-380.0,-200.0,1000.0,-203.0,-1e+200,451874666.864,15671964.0117,453024574.594,482505034.102,420223322.748,427195295.076,473224799.17,20.0,2.45610455983e+14,0.307692307692,0.139275766017,0.333333333333,1.7855867438e-06,0.0142846939504,60
203.0,-203.0,-360.0,-200.0,500.0,-203.0,-1e+200,433042237.103,11441417.5821,433930961.694,452215227.005,410549640.976,418719609.785,450247650.444,18.0,1.30906036288e+14,0.307692307692,0.0696378830084,0.166666666667,1.7855867438e-06,0.00357117348761,64
203.0,-203.0,-380.0,-200.0,1200.0,-203.0,-1e+200,447513464.278,13094926.7827,448664942.789,470267277.118,418846612.739,426372237.97,464081705.14,20.0,1.71477107444e+14,0.307692307692,0.0821727019499,0.333333333333,1.7855867438e-06,0.00842796943075,62
203.0,-203.0,-380.0,-200.0,1218.0,-203.0,-1e+200,449285518.236,10598935.0281,452131029.761,462549301.163,419341833.716,434800031.457,460893546.444,20.0,1.12337423729e+14,0.307692307692,0.0125348189415,0.333333333333,1.7855867438e-06,0.00128562245554,63
203.0,-203.0,-360.0,-200.0,600.0,-203.0,-1e+200,434193667.904,10431834.8616,435521233.705,449098366.059,412991574.325,419318250.138,447046462.521,20.0,1.08823178579e+14,0.307692307692,0.139275766017,0.166666666667,1.7855867438e-06,0.00714234697522,65
203.0,-203.0,-360.0,-200.0,700.0,-203.0,-1e+200,440824196.535,12087694.6499,439849618.45,457948998.084,415333482.405,423887732.583,457824869.882,19.0,1.46112361949e+14,0.307692307692,0.139275766017,0.166666666667,1.7855867438e-06,0.00714234697522,66
203.0,-203.0,-360.0,-200.0,800.0,-203.0,-1e+200,435106850.716,12330415.0145,434675652.363,460816238.299,418446680.902,419390151.21,453559970.742,17.0,1.52039134431e+14,0.307692307692,0.139275766017,0.166666666667,1.7855867438e-06,0.00714234697522,67
203.0,-203.0,-360.0,-200.0,900.0,-203.0,-1e+200,440480193.046,7699326.32121,439704555.059,452476135.836,423219857.544,427541440.587,451167114.471,20.0,5.92796258005e+13,0.307692307692,0.139275766017,0.166666666667,1.7855867438e-06,0.00714234697522,68
203.0,-203.0,-360.0,-200.0,1000.0,-203.0,-1e+200,439004400.585,8803711.71635,439821170.929,453752644.087,421970984.224,421976533.666,450014918.709,19.0,7.75053399846e+13,0.307692307692,0.139275766017,0.166666666667,1.7855867438e-06,0.00714234697522,69
203.0,-203.0,-360.0,-200.0,1100.0,-203.0,-1e+200,433467518.825,10769075.1054,431477856.198,454710208.274,416772378.442,418992734.598,451388578.246,19.0,1.15972978626e+14,0.307692307692,0.139275766017,0.166666666667,1.7855867438e-06,0.00714234697522,70
203.0,-203.0,-360.0,-200.0,1218.0,-203.0,-1e+200,438003182.193,16057390.494,439013451.566,470259268.496,409504870.942,417506020.064,468346827.574,20.0,2.57839789475e+14,0.307692307692,0.0125348189415,0.166666666667,1.7855867438e-06,0.000642811227769,72
203.0,-203.0,-360.0,-200.0,1200.0,-203.0,-1e+200,437784253.363,13044675.1922,438023411.656,465368695.887,417097063.227,418096914.795,454186840.331,19.0,1.7016355087e+14,0.307692307692,0.0821727019499,0.166666666667,1.7855867438e-06,0.00421398471538,71
203.0,-203.0,-420.0,-195.0,500.0,-203.0,-1e+200,456159115.904,10350057.5476,456440456.292,472089508.501,426381656.153,440674979.096,471463213.22,19.0,1.07123691238e+14,0.384615384615,0.0696378830084,0.166666666667,1.7855867438e-06,0.00446396685951,73
203.0,-203.0,-420.0,-195.0,600.0,-203.0,-1e+200,456685093.917,10790322.4124,456758674.954,476031349.524,436515126.978,439638978.687,472321385.853,18.0,1.16431057764e+14,0.384615384615,0.139275766017,0.166666666667,1.7855867438e-06,0.00892793371902,74
203.0,-203.0,-420.0,-195.0,700.0,-203.0,-1e+200,456796281.62,7919508.05882,456556414.944,468741893.029,439738811.179,444255360.363,467509904.401,17.0,6.27186078937e+13,0.384615384615,0.139275766017,0.166666666667,1.7855867438e-06,0.00892793371902,75
203.0,-203.0,-420.0,-195.0,800.0,-203.0,-1e+200,454847782.82,10059098.8485,458024427.425,469100360.291,431933995.413,437989330.594,468555718.271,17.0,1.01185469645e+14,0.384615384615,0.139275766017,0.166666666667,1.7855867438e-06,0.00892793371902,76
203.0,-203.0,-420.0,-195.0,900.0,-203.0,-1e+200,455842132.575,13325549.6899,453115236.36,486581217.052,432460743.704,440674183.899,475428212.31,17.0,1.77570274538e+14,0.384615384615,0.139275766017,0.166666666667,1.7855867438e-06,0.00892793371902,77
203.0,-203.0,-420.0,-195.0,1000.0,-203.0,-1e+200,464167279.669,9979512.17944,465080332.493,482321990.148,448925573.229,450861432.267,481418771.31,16.0,9.95906633396e+13,0.384615384615,0.139275766017,0.166666666667,1.7855867438e-06,0.00892793371902,78
203.0,-203.0,-420.0,-195.0,1100.0,-203.0,-1e+200,463149870.59,14320342.735,462224838.208,492703650.145,440841405.459,441044572.204,487140774.254,17.0,2.05072216047e+14,0.384615384615,0.139275766017,0.166666666667,1.7855867438e-06,0.00892793371902,79
203.0,-203.0,-420.0,-195.0,1200.0,-203.0,-1e+200,463086396.862,14752763.3791,461139845.72,488424597.746,442032476.424,444178393.488,486744060.481,17.0,2.17644027319e+14,0.384615384615,0.0821727019499,0.166666666667,1.7855867438e-06,0.00526748089422,80
203.0,-203.0,-420.0,-195.0,1218.0,-203.0,-1e+200,459521328.334,9082781.80231,457406770.343,475280374.993,445495331.863,447381020.396,473266356.248,16.0,8.24969252683e+13,0.384615384615,0.0125348189415,0.166666666667,1.7855867438e-06,0.000803514034712,81
203.0,-203.0,-400.0,-195.0,500.0,-203.0,-1e+200,450534906.777,10157873.6435,451431529.982,468602885.883,428817225.834,435068569.463,467167412.895,20.0,1.03182396958e+14,0.384615384615,0.0696378830084,0.333333333333,1.7855867438e-06,0.00892793371902,82
203.0,-203.0,-400.0,-195.0,600.0,-203.0,-1e+200,453010194.573,8548593.51483,453903654.024,471404476.654,436252279.906,439793022.215,464565631.048,20.0,7.30784510819e+13,0.384615384615,0.139275766017,0.333333333333,1.7855867438e-06,0.017855867438,83
203.0,-203.0,-400.0,-195.0,700.0,-203.0,-1e+200,456539288.996,11680616.9722,456149232.473,479249184.132,436624100.315,442449243.206,477342166.454,20.0,1.36436812851e+14,0.384615384615,0.139275766017,0.333333333333,1.7855867438e-06,0.017855867438,84
203.0,-203.0,-400.0,-195.0,800.0,-203.0,-1e+200,461564295.866,13127660.4105,461713506.892,489638314.325,441081563.297,442557966.731,477632615.309,20.0,1.72335467853e+14,0.384615384615,0.139275766017,0.333333333333,1.7855867438e-06,0.017855867438,85
203.0,-203.0,-400.0,-195.0,900.0,-203.0,-1e+200,455329958.794,12349057.7048,452203582.642,478416722.888,438605603.29,441852992.408,477586605.643,20.0,1.52499226197e+14,0.384615384615,0.139275766017,0.333333333333,1.7855867438e-06,0.017855867438,86
203.0,-203.0,-400.0,-195.0,1000.0,-203.0,-1e+200,458513043.335,10234060.4433,456543639.268,477365658.962,438476225.919,444245230.268,476374029.648,20.0,1.04735993157e+14,0.384615384615,0.139275766017,0.333333333333,1.7855867438e-06,0.017855867438,87
203.0,-203.0,-400.0,-195.0,1100.0,-203.0,-1e+200,457700297.177,12075953.564,460681574.078,477448804.942,425363523.276,441163999.582,470356955.889,20.0,1.45828654481e+14,0.384615384615,0.139275766017,0.333333333333,1.7855867438e-06,0.017855867438,88
203.0,-203.0,-400.0,-195.0,1200.0,-203.0,-1e+200,460642624.243,14420917.2611,462938519.751,484338467.172,428349044.509,437335470.438,480013099.853,20.0,2.07962854651e+14,0.384615384615,0.0821727019499,0.333333333333,1.7855867438e-06,0.0105349617884,89
203.0,-203.0,-400.0,-195.0,1218.0,-203.0,-1e+200,458705693.224,9944589.75427,458558065.27,474839736.543,440194666.039,444483333.526,473989608.862,20.0,9.88948653807e+13,0.384615384615,0.0125348189415,0.333333333333,1.7855867438e-06,0.00160702806942,90
203.0,-203.0,-380.0,-195.0,500.0,-203.0,-1e+200,444543652.602,14764366.02,445048561.795,468074216.318,418116943.16,422358869.879,463363267.255,20.0,2.17986503971e+14,0.384615384615,0.0696378830084,0.333333333333,1.7855867438e-06,0.00892793371902,91
203.0,-203.0,-380.0,-195.0,600.0,-203.0,-1e+200,444762916.683,12377528.3054,447213730.228,459107957.726,410753629.238,421053738.015,458103207.568,19.0,1.5320320695e+14,0.384615384615,0.139275766017,0.333333333333,1.7855867438e-06,0.017855867438,92
203.0,-203.0,-380.0,-195.0,700.0,-203.0,-1e+200,445491550.989,12947428.6606,441200120.738,470755682.202,422942105.947,428776007.079,469384448.689,20.0,1.67635908922e+14,0.384615384615,0.139275766017,0.333333333333,1.7855867438e-06,0.017855867438,93
203.0,-203.0,-380.0,-195.0,800.0,-203.0,-1e+200,451843321.082,12912678.5581,449545128.371,475611397.609,433214594.532,433703161.291,472298787.504,20.0,1.66737267544e+14,0.384615384615,0.139275766017,0.333333333333,1.7855867438e-06,0.017855867438,94
203.0,-203.0,-380.0,-195.0,900.0,-203.0,-1e+200,449759416.724,13497953.0166,449121826.813,477892780.305,429126202.962,430685330.791,472342737.057,20.0,1.82194735637e+14,0.384615384615,0.139275766017,0.333333333333,1.7855867438e-06,0.017855867438,95
203.0,-203.0,-380.0,-195.0,1000.0,-203.0,-1e+200,447732366.513,15546993.7194,449613987.337,486816651.883,420635738.17,425547311.866,470138686.875,19.0,2.41709013711e+14,0.384615384615,0.139275766017,0.333333333333,1.7855867438e-06,0.017855867438,96
203.0,-203.0,-380.0,-195.0,1100.0,-203.0,-1e+200,445367497.381,9660113.65469,446029588.462,463815961.065,432102137.018,432533868.973,460016640.122,20.0,9.33177958215e+13,0.384615384615,0.139275766017,0.333333333333,1.7855867438e-06,0.017855867438,97
203.0,-203.0,-380.0,-195.0,1200.0,-203.0,-1e+200,446523777.743,15000962.7681,444986033.997,467379984.354,421447931.813,424942013.722,467310644.203,20.0,2.25028883969e+14,0.384615384615,0.0821727019499,0.333333333333,1.7855867438e-06,0.0105349617884,98
203.0,-203.0,-380.0,-195.0,1218.0,-203.0,-1e+200,447744893.497,13990140.7321,449224006.073,472542509.323,424082931.36,426961832.026,467220275.452,20.0,1.95724037704e+14,0.384615384615,0.0125348189415,0.333333333333,1.7855867438e-06,0.00160702806942,99
203.0,-203.0,-360.0,-195.0,500.0,-203.0,-1e+200,429688463.563,9330632.08596,430988685.269,443479629.468,406549752.817,416399997.112,440662084.94,20.0,8.70606951236e+13,0.384615384615,0.0696378830084,0.166666666667,1.7855867438e-06,0.00446396685951,100
203.0,-203.0,-360.0,-195.0,600.0,-203.0,-1e+200,439088382.356,14314112.1881,439652097.666,472149247.292,412145085.07,418425645.551,462517899.017,20.0,2.04893807732e+14,0.384615384615,0.139275766017,0.166666666667,1.7855867438e-06,0.00892793371902,101
203.0,-203.0,-360.0,-195.0,700.0,-203.0,-1e+200,440943022.181,13965319.5709,439861200.051,462548128.258,417630685.905,422222575.576,462058196.919,18.0,1.95030150717e+14,0.384615384615,0.139275766017,0.166666666667,1.7855867438e-06,0.00892793371902,102
203.0,-203.0,-360.0,-195.0,800.0,-203.0,-1e+200,437063686.103,12304593.6657,437544879.239,459905525.748,414448703.726,418887011.751,457102075.23,20.0,1.51403025279e+14,0.384615384615,0.139275766017,0.166666666667,1.7855867438e-06,0.00892793371902,103
203.0,-203.0,-360.0,-195.0,900.0,-203.0,-1e+200,439638865.654,10881763.0443,440908602.814,459236493.833,417775906.48,418051450.096,453444172.884,20.0,1.18412766953e+14,0.384615384615,0.139275766017,0.166666666667,1.7855867438e-06,0.00892793371902,104
203.0,-203.0,-360.0,-195.0,1000.0,-203.0,-1e+200,435454569.347,8805254.87681,437253859.871,450393218.961,422554076.294,422758979.029,445196978.656,20.0,7.75325134456e+13,0.384615384615,0.139275766017,0.166666666667,1.7855867438e-06,0.00892793371902,105
203.0,-203.0,-360.0,-195.0,1100.0,-203.0,-1e+200,441695190.452,11884919.6469,443513262.095,458917590.732,414042632.778,419154468.84,457351000.623,20.0,1.41251315012e+14,0.384615384615,0.139275766017,0.166666666667,1.7855867438e-06,0.00892793371902,106
203.0,-203.0,-360.0,-195.0,1200.0,-203.0,-1e+200,436709228.842,10355691.8809,435667606.018,457511374.648,420265406.244,420516042.728,455901975.707,19.0,1.07240354332e+14,0.384615384615,0.0821727019499,0.166666666667,1.7855867438e-06,0.00526748089422,107
203.0,-203.0,-420.0,-190.0,500.0,-203.0,-1e+200,451090733.516,9180522.56864,451699143.039,464806559.194,430576945.602,437870886.397,463636125.075,16.0,8.42819946333e+13,0.192307692308,0.0696378830084,0.166666666667,1.7855867438e-06,0.00223198342976,109
203.0,-203.0,-360.0,-195.0,1218.0,-203.0,-1e+200,444801759.691,13610932.3738,445136372.7,461030137.333,413757515.996,415916454.603,459182635.296,20.0,1.85257480083e+14,0.384615384615,0.0125348189415,0.166666666667,1.7855867438e-06,0.000803514034712,108
203.0,-203.0,-420.0,-190.0,600.0,-203.0,-1e+200,453684366.768,12160623.7606,451969596.042,476830927.798,434007413.204,438587588.623,472595908.581,18.0,1.47880770247e+14,0.192307692308,0.139275766017,0.166666666667,1.7855867438e-06,0.00446396685951,110
203.0,-203.0,-420.0,-190.0,700.0,-203.0,-1e+200,453857044.874,10418189.6853,451526980.992,478470217.103,438152035.907,442198120.858,469941446.296,16.0,1.08538676319e+14,0.192307692308,0.139275766017,0.166666666667,1.7855867438e-06,0.00446396685951,111
203.0,-203.0,-420.0,-190.0,800.0,-203.0,-1e+200,459221780.108,13073813.9233,461061688.654,483532242.315,431509133.535,440466707.091,479120643.438,19.0,1.709246105e+14,0.192307692308,0.139275766017,0.166666666667,1.7855867438e-06,0.00446396685951,112
203.0,-203.0,-420.0,-190.0,900.0,-203.0,-1e+200,457604768.454,10494255.6589,455220603.072,479216125.151,437856270.639,443090920.373,473306102.536,19.0,1.10129401833e+14,0.192307692308,0.139275766017,0.166666666667,1.7855867438e-06,0.00446396685951,113
203.0,-203.0,-420.0,-190.0,1000.0,-203.0,-1e+200,455171273.64,10557486.4185,453167884.38,474352464.519,439259122.114,440607222.246,468512968.476,15.0,1.11460519478e+14,0.192307692308,0.139275766017,0.166666666667,1.7855867438e-06,0.00446396685951,114
203.0,-203.0,-420.0,-190.0,1100.0,-203.0,-1e+200,459713105.066,11009469.2466,461771347.942,478678294.797,442438787.137,443765422.965,477840912.779,17.0,1.21208413092e+14,0.192307692308,0.139275766017,0.166666666667,1.7855867438e-06,0.00446396685951,115
203.0,-203.0,-400.0,-190.0,500.0,-203.0,-1e+200,451521750.38,13617621.4612,453825141.066,467941213.131,419842408.892,427407344.209,467660386.413,20.0,1.85439614262e+14,0.192307692308,0.0696378830084,0.333333333333,1.7855867438e-06,0.00446396685951,118
203.0,-203.0,-420.0,-190.0,1200.0,-203.0,-1e+200,467685024.575,10048153.9356,465084159.999,489677537.722,453240661.854,454341205.002,485210329.885,15.0,1.00965397513e+14,0.192307692308,0.0821727019499,0.166666666667,1.7855867438e-06,0.00263374044711,116
203.0,-203.0,-420.0,-190.0,1218.0,-203.0,-1e+200,456848167.098,8159404.45192,459209242.433,468098770.108,440754157.757,440970261.365,465339474.854,16.0,6.657588101e+13,0.192307692308,0.0125348189415,0.166666666667,1.7855867438e-06,0.000401757017356,117
203.0,-203.0,-400.0,-190.0,600.0,-203.0,-1e+200,449571144.034,10303810.5682,451406821.21,466305273.07,424955006.223,435459367.485,461937875.828,20.0,1.06168512225e+14,0.192307692308,0.139275766017,0.333333333333,1.7855867438e-06,0.00892793371902,119
203.0,-203.0,-400.0,-190.0,700.0,-203.0,-1e+200,452183499.051,10988587.6997,455607266.696,469954530.178,434561263.079,434843155.479,469832105.81,19.0,1.20749059634e+14,0.192307692308,0.139275766017,0.333333333333,1.7855867438e-06,0.00892793371902,120
203.0,-203.0,-400.0,-190.0,800.0,-203.0,-1e+200,451222126.956,15461102.8264,449847448.216,485740594.414,427619992.925,428863921.238,482693421.224,19.0,2.3904570061e+14,0.192307692308,0.139275766017,0.333333333333,1.7855867438e-06,0.00892793371902,121
203.0,-203.0,-400.0,-190.0,900.0,-203.0,-1e+200,459265794.469,15131234.9126,462141290.478,487447747.145,431306832.915,435620177.315,478492778.448,19.0,2.28954269979e+14,0.192307692308,0.139275766017,0.333333333333,1.7855867438e-06,0.00892793371902,122
203.0,-203.0,-400.0,-190.0,1000.0,-203.0,-1e+200,459158255.516,10758820.2926,454897577.374,480565494.576,444400326.228,446964411.086,478448189.387,20.0,1.15752214089e+14,0.192307692308,0.139275766017,0.333333333333,1.7855867438e-06,0.00892793371902,123
203.0,-203.0,-400.0,-190.0,1100.0,-203.0,-1e+200,460974119.563,14730200.5426,460761705.661,489085461.403,434223850.072,441778613.172,480849201.129,20.0,2.16978808027e+14,0.192307692308,0.139275766017,0.333333333333,1.7855867438e-06,0.00892793371902,124
203.0,-203.0,-400.0,-190.0,1200.0,-203.0,-1e+200,452941351.372,9998616.51569,452479447.323,470629864.397,427749288.858,437323614.35,465295049.577,20.0,9.99723322278e+13,0.192307692308,0.0821727019499,0.333333333333,1.7855867438e-06,0.00526748089422,125
203.0,-203.0,-400.0,-190.0,1218.0,-203.0,-1e+200,461256939.371,13746430.9061,464661866.053,482130862.025,433101995.377,437628645.147,479876832.249,20.0,1.88964362655e+14,0.192307692308,0.0125348189415,0.333333333333,1.7855867438e-06,0.000803514034712,126
203.0,-203.0,-380.0,-190.0,500.0,-203.0,-1e+200,435734518.651,12068405.2424,433223918.341,458281511.9,420092597.021,421240723.51,454551270.446,20.0,1.45646405094e+14,0.192307692308,0.0696378830084,0.333333333333,1.7855867438e-06,0.00446396685951,127
203.0,-203.0,-380.0,-190.0,600.0,-203.0,-1e+200,446991057.464,13691507.5501,444599579.756,466762153.406,427332017.302,429709556.835,466758479.642,20.0,1.87457378994e+14,0.192307692308,0.139275766017,0.333333333333,1.7855867438e-06,0.00892793371902,128
203.0,-203.0,-380.0,-190.0,700.0,-203.0,-1e+200,446789735.901,10696122.7463,444953404.155,464746581.687,425812716.736,427894358.882,463391875.97,20.0,1.14407041803e+14,0.192307692308,0.139275766017,0.333333333333,1.7855867438e-06,0.00892793371902,129
203.0,-203.0,-380.0,-190.0,800.0,-203.0,-1e+200,448629132.321,12587570.4263,450529643.915,475515655.333,422314420.967,432106183.146,468945057.492,20.0,1.58446929237e+14,0.192307692308,0.139275766017,0.333333333333,1.7855867438e-06,0.00892793371902,130
203.0,-203.0,-380.0,-190.0,900.0,-203.0,-1e+200,446558326.163,11083493.5344,447415189.737,473394973.929,429170832.886,430565237.474,458865709.232,19.0,1.22843828928e+14,0.192307692308,0.139275766017,0.333333333333,1.7855867438e-06,0.00892793371902,131
203.0,-203.0,-380.0,-190.0,1000.0,-203.0,-1e+200,448525197.707,13305491.1691,446699451.981,481336221.169,425905389.703,428758271.94,468530786.439,20.0,1.7703609525e+14,0.192307692308,0.139275766017,0.333333333333,1.7855867438e-06,0.00892793371902,132
203.0,-203.0,-380.0,-190.0,1100.0,-203.0,-1e+200,447862399.865,12958858.2596,447644152.786,468108853.664,415164339.025,423654263.504,467004781.357,20.0,1.67932007393e+14,0.192307692308,0.139275766017,0.333333333333,1.7855867438e-06,0.00892793371902,133
203.0,-203.0,-380.0,-190.0,1200.0,-203.0,-1e+200,451173776.674,14758297.4383,449646738.683,477505448.841,415501423.39,428448971.008,468807189.457,20.0,2.17807343276e+14,0.192307692308,0.0821727019499,0.333333333333,1.7855867438e-06,0.00526748089422,134
203.0,-203.0,-380.0,-190.0,1218.0,-203.0,-1e+200,443372651.796,11179822.9865,442040477.963,474531394.622,428086654.257,430114508.343,458908818.096,20.0,1.2498844201e+14,0.192307692308,0.0125348189415,0.333333333333,1.7855867438e-06,0.000803514034712,135
203.0,-203.0,-360.0,-190.0,500.0,-203.0,-1e+200,430716677.791,10994496.693,430837444.299,447580491.717,410153207.202,414125777.483,447109548.493,19.0,1.20878957533e+14,0.192307692308,0.0696378830084,0.166666666667,1.7855867438e-06,0.00223198342976,136
203.0,-203.0,-360.0,-190.0,600.0,-203.0,-1e+200,435186554.115,12809524.1188,437586169.666,452790547.192,411863789.987,414322764.628,450948137.882,19.0,1.6408390815e+14,0.192307692308,0.139275766017,0.166666666667,1.7855867438e-06,0.00446396685951,137
203.0,-203.0,-360.0,-190.0,700.0,-203.0,-1e+200,436159272.307,11301310.9292,440710191.593,452011883.411,415796318.707,419934202.595,451733363.901,20.0,1.27719628718e+14,0.192307692308,0.139275766017,0.166666666667,1.7855867438e-06,0.00446396685951,138
203.0,-203.0,-360.0,-190.0,800.0,-203.0,-1e+200,439389367.42,11369276.3423,439330277.134,455926079.015,421621791.683,423517322.937,454830908.812,19.0,1.29260444548e+14,0.192307692308,0.139275766017,0.166666666667,1.7855867438e-06,0.00446396685951,139
203.0,-203.0,-360.0,-190.0,900.0,-203.0,-1e+200,438763123.412,10025305.002,437891535.276,459259481.221,425296526.569,427431517.962,459219991.881,20.0,1.00506740383e+14,0.192307692308,0.139275766017,0.166666666667,1.7855867438e-06,0.00446396685951,140
203.0,-203.0,-360.0,-190.0,1000.0,-203.0,-1e+200,441916758.188,12517263.0215,445046625.514,461160717.594,422350582.467,423148062.709,457133031.104,20.0,1.5668187355e+14,0.192307692308,0.139275766017,0.166666666667,1.7855867438e-06,0.00446396685951,141
203.0,-203.0,-360.0,-190.0,1100.0,-203.0,-1e+200,437519409.635,10861750.5957,439024328.677,464303224.533,417044661.52,422236491.805,449493912.071,20.0,1.17977626003e+14,0.192307692308,0.139275766017,0.166666666667,1.7855867438e-06,0.00446396685951,142
203.0,-203.0,-360.0,-190.0,1200.0,-203.0,-1e+200,432070381.251,13635417.146,428431897.823,458412608.687,410063140.268,414289199.468,449352702.595,20.0,1.85924600745e+14,0.192307692308,0.0821727019499,0.166666666667,1.7855867438e-06,0.00263374044711,143
203.0,-203.0,-360.0,-190.0,1218.0,-203.0,-1e+200,438988112.097,11264434.8538,438942567.45,456745349.902,416751741.962,419778920.351,454049907.469,19.0,1.26887492575e+14,0.192307692308,0.0125348189415,0.166666666667,1.7855867438e-06,0.000401757017356,144
